"id","name","description","manufacturer","price"
"http://www.google.com/base/feeds/snippets/10541632718220382972","jumpstart kindergarten (jc)","players team up with frankie and the jumpstart pals as they get ready for the wackiest bumpiest twirliest car race.","","9.9"
"http://www.google.com/base/feeds/snippets/18395554978346558556","microsoft w87-02380 office sbe 2007 win32","office sbe 2007 win32","","400.34"
"http://www.google.com/base/feeds/snippets/1872945109493928217","apple final cut studio 2 production suite for mac av production software","final cut studio 2 production software suite for mac - final cut pro 6 motion 3 soundtrack pro 2 color compressor 3 dvd studio pro 4 special offer the final cut studio 2 production software suite for mac from apple is the premiere professional suite ...","","1298.95"
"http://www.google.com/base/feeds/snippets/18353566070605982375","acid music studio 6","make your music more professional and more powerful!","","59.95"
"http://www.google.com/base/feeds/snippets/18195210518723634061","encore inc adventure workshop preschool-1st grade 8th edition","introduce your child to an exciting on-screen learning environment brimming with award-winning adventures that will build essential skills while having fun. introduce your child to an exciting on-screen learning environment brimming with award-winni","","17.1"
"http://www.google.com/base/feeds/snippets/3285016045940957596","adobe illustrator cs3 upgrade from freehand for mac","system requirements powerpc g4 or g5 or intel core processor mac os x v10.4.8 512mb ram (1gb recommended) 2.5gb free hard-disk space (additional space required during installation) 1024 x 768 display resolution with 16-bit video card dvd-rom drive ...","","206.99"
"http://www.google.com/base/feeds/snippets/4436087621332035022","me too software i transfer dvds 2 ipod","","","29.99"
"http://www.google.com/base/feeds/snippets/16698946140878275557","school zone interactive time money & fractions 1-2 on track software","time money & fractions incorporates critical math skills with interactive learning. engaging activities arcade games and animated rewards make this electronic workbook a great way to learn! system requirements: windows®: microsoft&re","","9.45"
"http://www.google.com/base/feeds/snippets/10497976503252074561","kaspersky anti-virus 6.0 (pc)","key features: complete protection easy to install instant updates...","","59.99"
"http://www.google.com/base/feeds/snippets/10851688356333529622","jungle software gorilla standard 4.0 film production","power pc© g3 or intel processor 256mb ram 512mb recommended 400mb available hard disk space macintosh os x 10.2 and above monitor capable of 1024x768 screen resolution","","269.99"
"http://www.google.com/base/feeds/snippets/15207825953028155236","webroot software inc 28310 - child safe 3-pc - win 2000 xp vista","webroot software inc 28310 : keep your children safe from internet threats webroot maker of the award-winning spy sweepertm now introduces child safe the most comprehensive and easy-to-use solution to keep children safe on the internet. child ...","","16.97"
"http://www.google.com/base/feeds/snippets/2640184679506710701","adobe cs3 production premium upsell","system requirements multicore intel processor (adobe photoshop® extended illustrator® flash® professional and after effects® professional are universal binary and also work on a powerpc® g4 or g5 processor; adobe onlocation? is a windows ...","","1234.99"
"http://www.google.com/base/feeds/snippets/16080101328048625984","punch software 38100 - punch! super home suite - complete product - architectural - 1 user - complete productcomplete productstandard - english - pc","punch software 38100 : the premium home design software solution that lets you view your ideas in ways no other software can. 7 powerful programs in one plus ultimate deck that launch from the same easy-to-use interface including our patented ...","","45.97"
"http://www.google.com/base/feeds/snippets/14035761522429892531","serious magic visual communicator 2 web presentation software (windows) presentation software","visual communicator 2 web presentation software for windows the visual communicator web 2 software package from serious magic lets you easily create professional video presentations specifically targeted for the web even if you have little or no ...","","189.95"
"http://www.google.com/base/feeds/snippets/9592753698712041843","corel intervideo windvd 8 gold software for windows authoring software","windvd 8 gold software for windows the windvd 8 gold software for windows from corel intervideo is a dvd video playback application for windows. the software leverages computer technologies such as dual-core processors and nvidia pure video graphics ...","","49.95"
"http://www.google.com/base/feeds/snippets/13629768701500088491","bling software limited 873172050209 - safekeeper plus - win 2000 xp","bling software limited 873172050209 : safekeeper plus is the first software product that offers total protection for both your family and computer. it s the only product to offer the kid safe blocker family watchdog and safety shield. safekeeper ...","","35.97"
"http://www.google.com/base/feeds/snippets/4949402291543451335","family tree maker 11 collector's edition","overview dedicated family research calls for serious genealogy software. this great collection delivers an unprecedented wealth of data plus all of the convenient tools you expect from family tree maker. travel back in time on a research journey ...","","34.9"
"http://www.google.com/base/feeds/snippets/12105115514315351902","apple logic express 7.2","top reasons to get logic express 7.2 universal compatibility: logic express 7.2 is a universal application which means it's designed to run natively on both intel- and powerpc-based macs. stay compatible as apple continues to deliver new ...","","299.99"
"http://www.google.com/base/feeds/snippets/17535862274044952617","masque publishing solitaire antics deluxe","50 different games of solitaire includes tours double deck games customizable rules and options high score and statistics tracking and features many new decks backgrounds sound effects and animations the palm pilot and windows ce versions ...","","8.46"
"http://www.google.com/base/feeds/snippets/7129140322149464777","sony vegas movie studio+dvd v8 platinum edition video editing software professional editing software","vegas movie studio+dvd v8 platinum edition video editing software for windows the vegas movie studio+dvd v8 platinum edition video editing software for windows from sony is a powerful editing and dvd creation software suite designed for home users. ...","","129.95"
"http://www.google.com/base/feeds/snippets/6908558013988135436","punch software 20100 - punch! home design - complete product - architectural - 1 user - complete productcomplete productstandard - english - pc","punch software 20100 : punch 5 in 1 home design is a fully integrated 3d home design product. users launch from a single interface: ultimate deck realmodel 3d home landscaping and furniture design products. punch s latest 3d photo realistic ...","","36.97"
"http://www.google.com/base/feeds/snippets/18400163697429940544","oem internet security suite 2007 3-user single pack","total internet protection","","32.85"
"http://www.google.com/base/feeds/snippets/18286585073343765950","tri synergy inc oxford world encyclopedia","here is an authoritative stimulating and up-to-date reference work with over 1.5 million words and 20000 entries. oxford world encyclopedia is the first in a new series of reference works from oxford university press featuring ifinger's software","","16.31"
"http://www.google.com/base/feeds/snippets/2793425352847818039","apple mac os x 10.4.6 tiger","hardware requirements powerpc g5 g4 or g3 processor built-in firewire dvd drive is required for installation at least 256mb of physical ram some features of mac os x v10.4 require a compatible internet service provider; fees may apply. some ...","","119.99"
"http://www.google.com/base/feeds/snippets/18438075297130458214","encore tlc dr seuss reading learning system 2008","mpn: 13880","","17.9"
"http://www.google.com/base/feeds/snippets/17647670175814866187","knowledge adventure inc. jumpstart advanced preschool v2.0","the complete get ready for school program jumpstart® advanced preschool is the complete get ready for school program. now including jumpstart toddlers it delivers more fun and engaging activities than ever in this 4-cd set. disc","","16.93"
"http://www.google.com/base/feeds/snippets/9463842250533836611","jumpstart advanced 3rd grade (pc/mac) knowledge adventure","key features: four disc set 50 skills taught learning profiler state education standards ...","","19.99"
"http://www.google.com/base/feeds/snippets/9205821354688722990","mastercook deluxe low carb edition","overview now eating low carb just got a whole lot easier! you're trying to control your weight and re-energize your body by watching your carbohydrate intake but you don't want to sacrifice taste. now you can eat great without the hassle! ...","","17.9"
"http://www.google.com/base/feeds/snippets/7587316869277129977","phase one capture one pro","capture one db & pro: phase one p 45 / p 30 / p 25 / p 20 / h 25 / h 20 / h 10 / h 101 / h 5 / lightphase capture one pro & le: canon 1ds mkii / 1d mkii / 1d mkii n /1ds / 1d / 5d / 20d / 10d / 300d / 350d / d60 / d30 / pro 1 / g6 / g5 / g3 / g2 ...","","415.99"
"http://www.google.com/base/feeds/snippets/17776155287333548087","masque publishing sportsmans double play","includes sport fishing professional with 15 different species 7 levels and 5 rods and sport shooting with 7 disciplines 12 different firearms and 3 crossbows. system requirements: windows -95/98/nt/2000/me/xp 64 mb ram 32 mb h","","17.55"
"http://www.google.com/base/feeds/snippets/10066664236286478958","instant immersion italian 2.0","topics entertainment instant immersion italian 2.0 this 5 cd-rom suite immerses you in the learning process with cultural videos entertaining games and interactive lessons with native speakers windows/mac","topics entertainment","20.99"
"http://www.google.com/base/feeds/snippets/18381906790026125106","microsoft ho2-00003 data analyzer 2002 - complete package - 1 user","microsoft data analyzer is an easy-to-use data analysis tool that makes sophisticated business intelligence accessible to all users regardless of technical expertise. microsoft data analyzer is an easy-to-use data analysis tool that makes ...","microsoft","154.99"
"http://www.google.com/base/feeds/snippets/12845228373531717554","aspyr call of duty 2 mac","system requirements: final system requirements will be given once testing of those requirements is complete. important note: because all users have different ideas of what it means for a game to be 'playable' some users may feel a game plays fine ...","","47.99"
"http://www.google.com/base/feeds/snippets/7928058720709111960","adobe photoshop cs3 extended for mac","system requirements powerpc g4 or g5 or intel core processor mac os x v10.4.8 512mb ram 64mb vram 2gb free hard-disk space (additional space required during installation) 1024 x 768 display resolution with 16-bit video card dvd-rom drive internet or ...","","935.99"
"http://www.google.com/base/feeds/snippets/18427441766979913551","hallmark card studio 2006","the 1 greeting card software.","","29.36"
"http://www.google.com/base/feeds/snippets/13673799320876526338","microsoft office visio standard 2007 upgrade (pc)","key features: visualize complex info pro-quality designs convenient templates communicate using diagrams works w/ other office apps highly customizable ...","","129.95"
"http://www.google.com/base/feeds/snippets/5515688203820371988","encore software 10118 - adventure workshop 4th-6th grade 7th ed sb cs by riverdeep","encore software 10118 : encore software adventure workshop 4th-6th grade 7th ed sb cs by riverdeep - 10118","","17.97"
"http://www.google.com/base/feeds/snippets/17453432506391757198","encore inc adventure workshop 4th-6th grade 8th edition","introduce your child to an exciting on-screen learning environment brimming with award-winning adventures. * gear up for a villain hunt adventure by answering 200 multiple-choice-style reading comprehension questions advance through five levels of","","17.1"
"http://www.google.com/base/feeds/snippets/15897742829993345210","adobe cs3 design premium academic","system requirements powerpc g4 or g5 or intel core processor mac os x v10.4.8 java runtime environment 1.5 1gb ram 6.3gb free hard-disk space (additional space required during installation) 1024 x 768 display resolution with 16-bit video card ...","","575.99"
"http://www.google.com/base/feeds/snippets/1088964682231544841","encore software 10548 - encore tlc zoombinis 3rd grade learning system 2007 - complete product - educational - 1 user - complete product - standard - pc mac","encore software 10548 : the zoombinis are in perilous trouble! their escape rests squarely on your shoulders or more accurately on your brain. with nine perplexing puzzles and three levels of difficulty each perilous challenge will test your ...","","17.97"
"http://www.google.com/base/feeds/snippets/10206096308013781162","punch software 38100 punch! super home suite (small box)","our bestselling premium home design software with professional yet easy-to-use features! punch! super home suite - 7 powerful programs in one that launch from the same interface! punch super suite includes: 3d home design 3d landscaping estimating ...","punch software","45.99"
"http://www.google.com/base/feeds/snippets/14356986779854403622","treasure mathstorm","help! treasure mountain is under the master of mischief's icy spell!","","9.9"
"http://www.google.com/base/feeds/snippets/13468530879861986847","ringtone media studio (pc) avanquest","key features: create ringtones design screensavers...","","19.99"
"http://www.google.com/base/feeds/snippets/16974008974544976244","onone software plug-in suite - full","the photoshop plug-in suite is a collection of software plug-ins that get you back to shooting. for image resizing color correction masking and border effects this collection will get you back behind the camera. system requirements: mac os x","","393.68"
"http://www.google.com/base/feeds/snippets/7117788517647646539","jumpstart phonics (jc)","welcome to camp readalot!","","9.9"
"http://www.google.com/base/feeds/snippets/5216541735240789992","aspyr quake iv","system requirements: operating system: mac os x 10.3.9 or later cpu processor: powerpc g4/g5 or intel chipset cpu speed: 1.67 ghz or faster memory: 512 mb or higher hard disk space: 3.0 gb free disk space video card (ati): radeon 9600 video card ( ...","","45.99"
"http://www.google.com/base/feeds/snippets/18371419521576660155","microsoft student with encarta premium 2008 - complete package","microsoft student with encarta premium 2008 - complete package - 1 pc - dvd ( mini-box ) - win - english - north america","","43.6"
"http://www.google.com/base/feeds/snippets/12662824890153121005","corel painter x academic","system requirements mac os x (version 10.3.9 or higher with latest revision applied) macintosh® computer with a 700 mhz or faster power pc® g4 power pc g5 or intel® processor 256 mb of ram (512 mb recommended) mouse or tablet 24-bit color display ...","","94.99"
"http://www.google.com/base/feeds/snippets/4247841323668156699","adobe cs3 master collection upsell from cs2","","","1437.99"
"http://www.google.com/base/feeds/snippets/1949229857064458441","allume morpheus photo animation suite","mac os x 10.3.9 (tiger) or higher 400mhz g4 or better or any intel macintosh 256mb of ram","","41.99"
"http://www.google.com/base/feeds/snippets/14520556770161082452","encore software 10731 - the print shop 22 pro publisherdeluxe sb cs by the print shop","encore software 10731 : encore software the print shop 22 pro publisherdeluxe sb cs by the print shop - 10731","","81.97"
"http://www.google.com/base/feeds/snippets/17297585967951704634","nova development corp intellimover transfer your pc deluxe","moving up to a new pc by yourself can take hours days or even weeks to do right. and even when you think you've finished the job you'll still find data that you'veinadvertently left behind. eliminate the hassle with transfer your pc&","","65.17"
"http://www.google.com/base/feeds/snippets/747800619686534084","webroot software window washer","as you work on your computer and browse the internet you leave behind traces of your activity. this information not only takes up valuable disk space but also jeopardizes your privacy. window washer software simply and safely wipes your tracks ...","","29.99"
"http://www.google.com/base/feeds/snippets/11404711258824251475","elementary school space - the universe (pc/mac) fogware","take a closer look at the planets and mdash;their moons and distinguishing features of each the sun and stars constellations sunspots the greenhouse effect photosynthesis and the universe including comets meteors galaxies and amp; black ...","","9.99"
"http://www.google.com/base/feeds/snippets/13778334917246964953","weekly reader preparing for kindergarten 2008 (pc/mac) fogware","key features: interactive questions encourages creativity develops motor skills engaging activities tracks student progress ages 3-5 ...","","19.99"
"http://www.google.com/base/feeds/snippets/13749047006070540730","viacad 2d/3d (win 2000 xp vista)","punch! viacad 2d/3d is a new precision design program with the power of multi thousand dollar cads. with it's state of the art 2d/3d patent pending user interface that seamlessly toggles between 2d & 3d and logicursor? technology that thinks as you ...","","99.95"
"http://www.google.com/base/feeds/snippets/12536674159579454939","simply put software llc de905-s - data elminator (win 95 98 me nt 2000 xp)","simply put software llc de905-s : data eliminator completely eliminates hard drive data to facilitate selling donating or discarding your old computer. system requirements: cd rom/ intel pentium compatible pc/ 16 mb ram/ vga or higher video support","","34.97"
"http://www.google.com/base/feeds/snippets/16622880533554607802","avanquest usa llc britannica deluxe","encyclopædia britannica deluxe gives you the resources you need to explore the world in a fun and easy way. designed for adults and students alike this comprehensive reference library provides you with the most complete up-to date and in-depth ...","","26.11"
"http://www.google.com/base/feeds/snippets/10956401022937572078","fogware hyb art dvd","works with ipod 5g & ipod nano windows: windows® 2000 or xp dvd drive itunes 7 or later quicktime 7.1.1 or later. no installation necessary. mac: mac os x dvd drive itunes 7 or later quicktime 7.1.1 or later. no installation necessary.","","21.99"
"http://www.google.com/base/feeds/snippets/6591008499871907116","encore software a5992jch - dk rainbow fish most beautiful fish in the ocean - win 95 98 me xp","encore software a5992jch : rainbow fish - the most beautiful fish in the oceanproduct informationbased on marcus pfister's bestselling children's books rainbow fish is anamazing underwater adventure filled with games and activities that develop ...","","9.08"
"http://www.google.com/base/feeds/snippets/16729750960777382226","microsoft windows xp pro oem sp2 no open box returns","please note: this is just a disk. there is no box manual.. anything.","","149.99"
"http://www.google.com/base/feeds/snippets/18393898679155461769","equilibrium debabelizer pro 6 0 win 1 u windows xp","full version standard license package type: retail for 1 user/s cd-rom mpn: 112100602","","382.9"
"http://www.google.com/base/feeds/snippets/18360307000127444765","guild 2: pirates of the seas","the first true life simulation series set in the fascinating medieval times! the add-on expands and transforms the game into an even greater experience by adding a huge area including the cities of the hanse located at the shores of the european ...","","23.99"
"http://www.google.com/base/feeds/snippets/17252201200051627446","abacus national parks enhanced scenery","flight simulator can take you to any of them: whether it's the green hillsides of the appalachians the rugged slopes of the rocky mountains or the deep and winding canyons of the colorado river. and with the national parks enhanced scenery we ...","","17.55"
"http://www.google.com/base/feeds/snippets/17834804262117799503","steinberg software halion symphonic orchestra - educational edition","halion symphonic orchestra supports all major formats: vst dxi au + rewire for easy protools integration. a multi-output-capable stand-alone version is also included.","","545.51"
"http://www.google.com/base/feeds/snippets/18405135648098652581","fogware publishing - 10356 - high school us history 2 - foreign policy & reform","learn about foreign policy from 1788-1963 and explore the social reform movements of the unites states of america. features: interactive tutoring printable tests to monitor progress easy to use interface <b","","6.84"
"http://www.google.com/base/feeds/snippets/11114112522015930440","microsoft onenote 2007 (pc)","key features: gather and organize notes search efficiently work more effectively synchronize info ...","","99.95"
"http://www.google.com/base/feeds/snippets/6490413833919329208","marketcircle daylite 3 customer relationship management crm","system requirements mac os x v10.3.9 or later (v10.4.5 recommended) 1ghz g4 processor or higher (universal binary supported) 768mb ram 150mb free hard-disk space 1024x768 or higher screen resolution cd-rom drive for installation","","125.99"
"http://www.google.com/base/feeds/snippets/14812439490848045578","adobe cs3 master collection","system requirements powerpc® g4 or g5 or multicore intel processor (adobe premiere® pro encore® and soundbooth? require a multicore intel processor; adobe onlocation? cs3 is a windows application and may be used with boot camp) mac os x v.10.4.9; ...","","2499.99"
"http://www.google.com/base/feeds/snippets/6596219200360663289","encore software 10652 - web.com site builder & hosting suite sb by web.com","encore software 10652 : encore software web.com site builder & hosting suite sb by web.com - 10652","","41.97"
"http://www.google.com/base/feeds/snippets/18425416409544307946","encore 10025 hoyle card games for pc","deal yourself in! hoyle card games offers 18 of your favorite card games complete with tutorials for minutes or hours of fun. features: ^^ features multiple computer-controlled opponents adjustable skill levels and 18 classic games ^^ create your ...","encore","10"
"http://www.google.com/base/feeds/snippets/17967900865986277130","encore inc family tree maker version 16 collectors edition","with family tree maker version 16 (collector's edition) you can access more than 5 billion records through ancestry.com as you research your family's history. the best-selling genealogy program for 15 straight years family tree maker lets you ac","","85.07"
"http://www.google.com/base/feeds/snippets/16689580885336652505","vivendi-universal games inc swat 4","it's not just about the badge it's about the rush! the adrenaline is always high as you carry on the legendary swat® tradition ? leading an elite squad of tactical experts into hard-hitting action that delves into every detail of the","","18.77"
"http://www.google.com/base/feeds/snippets/6614738792097944479","onone software inc. mpr-40211 - on1 mask pro v.4.0 - complete product - graphics/designing - 1 user - complete product - standard - pc intel-based mac mac","onone software inc. mpr-40211 : mask pro 4 the premier masking and selection tool for adobe photoshop. using advanced color matching and decontamination technology mask pro 4 helps you create flawless masks from the most difficult images. new and ...","","148.97"
"http://www.google.com/base/feeds/snippets/18388829675891326365","sat act & psat 2007 platinum","kaplan sat act and psat 2007 platinum for mac and windows. includes 5 dvds. features include: over 2700 test questions complete score analysis & performance feedback interactive lessons exam strategies & hints and includes prep for the new sat ...","","29.85"
"http://www.google.com/base/feeds/snippets/3887119395489365873","sibelius sibelius 4 software music production software","sibelius 4 - software for writing playing printing and publishing music notation - mac os x and windows sibelius 4 from sibelius is a fully featured and complete software solution for writing playing printing and publishing music notation. from its ...","","449.95"
"http://www.google.com/base/feeds/snippets/16744224390148606478","masque publishing best of slots ii","actual casino slot machines from bally gaming! play the most popular slots from the casino featuring the hottest games from bally gaming. actual casino slot action can be found in these authentic replications playable on your home computer. sys","","8.46"
"http://www.google.com/base/feeds/snippets/18372325427432567642","microsoft microsoft office 2004 software suite - mac - education apple & mac software","microsoft office 2004 student and teacher edition software suite - mac - education special offer microsoft office 2004 student and teacher edition for mac offers an expansive set of tools and integrated applications for creating managing and ...","","148.95"
"http://www.google.com/base/feeds/snippets/3846293022585027470","intuit quicken basic 2007 software for windows tax & finance software","quicken basic 2007 software for windows the quicken basic 2007 software for windows from intuit is a software package that is designed to help you track your personal finances. it allows you to create a budget schedule bill payments verify accuracy ...","","29.95"
"http://www.google.com/base/feeds/snippets/9785861434635986999","encore software 11052 - hoyle: classic collection 2006 - win 98 me 2000 xp","encore software 11052 : hoyle the 1 brand in family entertainment delivers a powerful 4 game collection packed with only the most popular hoyle games. system requirements: windows 98se/me/2000 sp4/xp sp 1 pentium iii 450 mhz 16mb ram (64mb for ...","","18.97"
"http://www.google.com/base/feeds/snippets/17407485579094223073","viva media llc learn to play chess with fritz & chesster 2","jump into chess action move by move to rescue chesster from deep within king black's castle. join fritz and bianca in a thrilling chess adventure where each challenge will help you sharpen your skills and prepare for the ultimate showdown. <l","","26.14"
"http://www.google.com/base/feeds/snippets/18404168006486239466","adobe systems inc - 29180248 - adobe photoshop elements 5.0/premiere elements 3.0","adobe® photoshop® elements 5.0 plus adobe premiere® elements 3.0 software combines two powerful yet easy-to-use products to deliver the most complete photo and video editing solution. entertain friends with unique cinematic slide shows and","","139.51"
"http://www.google.com/base/feeds/snippets/18142071205016449884","avanquest usa llc spycatcher 2007","detect and remove spyware spycatcher is the first and only anti-spyware solution that continuously protects consumers from next-generation mutating spyware easily and safely. spycatcher enables even novice pc users to remove and block the most ins","","17.5"
"http://www.google.com/base/feeds/snippets/9807438286656285076","microsoft office visio standard 2007 (pc)","key features: visualize complex info pro-quality designs convenient templates communicate using diagrams works w/ other office apps highly customizable ...","","249.95"
"http://www.google.com/base/feeds/snippets/5673733196767057398","adobe dreamweaver cs3","system requirements powerpc g4 or g5 or intel core processor mac os x v10.4.8 512mb ram (1gb recommended) 1.4gb free hard-disk space (additional space required during installation) 1024 x 768 display resolution with 16-bit video card dvd-rom drive ...","","415.99"
"http://www.google.com/base/feeds/snippets/13023052343955574084","adventure workshop 1st-3rd grade. 8th edition (pc) encore","key features: build essential skills 1st-3rd grade...","","19.95"
"http://www.google.com/base/feeds/snippets/4682448981783641744","adobe after effects professional 7.0 software effects software","after effects professional 7.0 software for mac os x the after effects professional 7.0 software for mac os x from adobe is a powerful 2d and 3d compositing software suite. it features hundreds of effects and animation presets to bring a new ...","","998.95"
"http://www.google.com/base/feeds/snippets/712876185653102576","individual software resume maker professional deluxe 12.0","resumemaker is packed with powerful features to help you write better resumes land better jobs and earn higher salaries. whether you're actively searching for a job ready to advance your career or just want to get your resume into shape trust ...","","29.99"
"http://www.google.com/base/feeds/snippets/15052254484804072386","brighter minds backyard sports","","","19.99"
"http://www.google.com/base/feeds/snippets/18396633258112051350","office mac student/teach 04","model- ms-cd73797mc vendor- microsoft corporation features- office 2004 for mac student and teacher edition- full version office 2004 for mac student and teacher edition gives you all the leading presentation spreadsheet word processing and e-mail ...","","146.02"
"http://www.google.com/base/feeds/snippets/4921806606938865897","simple slide show","simple to do from the click of your camera to the click of your mouse transforming your photos into a customized carousel to share has never been easier. and with simple slide show you'll have everything you need to transfer your existing ...","","15.9"
"http://www.google.com/base/feeds/snippets/15944513620809178120","totally spies total swamp romp by brighter minds","macintosh system requirements: max os x 10.1.5 or higher 400mhz powerpc® g4 processor 150mb free hard drive space 64mb ram 16-bit color video card 8x cd-rom drive mouse","","19.99"
"http://www.google.com/base/feeds/snippets/904752907591542149","webroot software inc 54210 - webroot desktop firewall - firewall - pc","webroot software inc 54210 : a computer without a firewall is easy prey for hackers worms remote access trojans and other online threats. anti-spyware and virus protection are only a part of any security solution. a firewall is a critical ...","","25.97"
"http://www.google.com/base/feeds/snippets/10090208868795399315","quicken 2007 premier win cd","quicken 2007 premier win cd","intuit","73.99"
"http://www.google.com/base/feeds/snippets/17695920349455995837","alfred publishing inc learn to play keyboard","for beginners of all ages. based on best selling book series from alfred publishing - teaching the world to play music since 1922! system requirements: windows: pentium or compatible 32 mb ram 30 mb hd space 640x480 16-bit color display","","7.22"
"http://www.google.com/base/feeds/snippets/534612205120966482","sony media software acid pro 6 software upgrade from acid pro 5 music production software","acid pro 6 loop based music production software for windows - upgrade for owners of acid pro 5 acid pro 6 from sony media software is a loop-based music creation tool that allows for the production of original royalty-free music. songs can be ...","","129.95"
"http://www.google.com/base/feeds/snippets/5032391174084349054","media made easy volume 3","this is the best collection of media based products on the market. create edit record remix restore capture burn present. media made easy does it all. powerful and easy to use media made easy contains 8 full programs from some of the biggest ...","","24.9"
"http://www.google.com/base/feeds/snippets/17059526546034030562","sos aggregation company calculation skills v1 add & sub - basic - core learning","this four volume series builds fundamental calculation competence with four core arithmetic operations. two volumes provide calculation practice with addition and subtraction at a basic and advanced level; the other two volumes provide calculation ...","","15.91"
"http://www.google.com/base/feeds/snippets/16883659993106723886","enteractive inc fps creator","first person shooters are the most popular games. now for the first time ever anyone can make their own action packed fps games without any programming or 3d modeling knowledge. fps creator brings game creation to a whole new level. it offers an","","44.58"
"http://www.google.com/base/feeds/snippets/17651580132908652894","sos aggregation company corefx three level-core learning ltd.","a powerful graphics software program with selection of skill level to suit users of all ages;painting and drawing tools use realistic art effects and the program includes clipart photo-editing and animation tools system requirements: windows ba","","51.09"
"http://www.google.com/base/feeds/snippets/5536147337142384196","adobe indesign cs3 for mac","system requirements powerpc g4 or g5 or intel core processor mac os x v10.4.8 256mb ram (512mb recommended) 1.6gb free hard-disk space (additional space required during installation) 1024 x 768 display resolution with 16-bit video card dvd-rom drive ...","","725.99"
"http://www.google.com/base/feeds/snippets/65578552457551022","encore software 10466 - clickart 1.2 million dvd 2006 by broderbund","encore software 10466 : encore software clickart 1.2 million dvd 2006 by broderbund - 10466","","41.97"
"http://www.google.com/base/feeds/snippets/13759883185832377445","daylite v3.0 - marketcircle (mac 10.4 or later)","designed for the unique needs of mac-based businesses of 1-50 people daylite3 is a new generation of productivity management software. daylite3 s time-saving features include shared calendars seamless integration with apple mail project and ...","","149"
"http://www.google.com/base/feeds/snippets/18417354130985846422","autocad 2007 coursewarecustomizing the interface","autocad 2007 coursewarecustomizing the interface","","39.69"
"http://www.google.com/base/feeds/snippets/7739419455751524618","microsoft windows xp pro sp2 retail","","","299.99"
"http://www.google.com/base/feeds/snippets/9949258255997064102","money prem 2007 cd minibox","money premium 2007 win32 english north america us only cd mini box non-rebate","microsoft","63.99"
"http://www.google.com/base/feeds/snippets/8804538687114603592","clifford thinking","overview that's why when clifford tries to do what other dogs do things can get a little out of hand. sometimes he gets into trouble. sometimes he saves the day. most of the time he has a lot of fun. all of the time he's a good dog and true friend ...","","12.9"
"http://www.google.com/base/feeds/snippets/1347968736695236641","apple web objects 5.2 software apple & mac software","web objects 5.2 software apple's webobjects allows you to quickly develop and deploy java server applications and standards-based web services. a powerful rapid application development environment that extends the reach of developers and reduces the ...","","689.95"
"http://www.google.com/base/feeds/snippets/11829938385250188093","extensis portfolio 8","system requirements windows current version: 8.1 windows 2000 xp or higher pentium class processor at 1ghz or faster 256mb ram (512mb recommended) xga or higher display at millions of colors 200mb hard drive space cd-rom for installation network ...","","195.99"
"http://www.google.com/base/feeds/snippets/17640225934406949646","dvo enterprises inc. cookn cd recipe cards","150 printer-ready decorative 3x5 recipe cards. package includes a magnetic recipe card holder to protect the cards from spills and splatters and the cook`n favorites cd with 150 delicious recipes from five of our best selling products.","","17.55"
"http://www.google.com/base/feeds/snippets/16965466141678042659","mcafee inc mcafee virusscan plus sub 1:1 3u mb en","","","56.38"
"http://www.google.com/base/feeds/snippets/2066161709446383266","onone software ele-10211 - on1 essentials v.1.0 for photoshop elements - complete product - graphics/designing - 1 user - complete product - standard - english - pc mac","onone software ele-10211 : make it better cut it out frame it enlarge it! essentials for photoshop elements is the must-have companion for adobe photoshop elements. you'll spend less time behind the computer and more time enjoying taking pictures ...","","50.97"
"http://www.google.com/base/feeds/snippets/6426816868919758079","encore software 10566 - encore hoyle card games 2005 - complete product - sports game - 1 user - complete product - standard - pc","encore software 10566 : step up to the best deal in town and test your skill. shuffle the cards and deal yourself in to the greatest card games of all time. hoyle drops you right into the action with over 70 classic games official rules tips and ...","","17.97"
"http://www.google.com/base/feeds/snippets/10775485982845096156","sibelius compass music composition teaching software music production software","compass - music composition teaching software for high school and college - mac and windows compass from sibelius is a software program to help students learn how to compose. it includes lessons worksheets and self-tests covering a wide range of ...","","119.95"
"http://www.google.com/base/feeds/snippets/16388256207576026986","microsoft office 2004 std upgrade","system requirements: g3 mac os x-compatible processor or higher mac os x version 10.2.8 or later 256 mb of ram 450 mb of available hard-disk space for a recommended install of office; 630 mb for a full drag-and-drop install of office cd-rom drive ...","","219.99"
"http://www.google.com/base/feeds/snippets/5572182459728876600","bias deck 3.5 le digital audio recording software music production software","deck 3.5 le multi-track digital audio recording software (up to 12 tracks) for mac bias deck 3.5 le turns a mac into a full-fledged recording studio recording up to 12 audio tracks with full cd quality. work can be edited instantly (while always ...","","69.95"
"http://www.google.com/base/feeds/snippets/17832927937923546408","csdc pop-up stopper professional - panicware","pop-up stopper professional is complete ad-blocking technology from a company you can trust. it blocks pop-up and pop-under ads in all browsers including aol msn netscape internet explorer sbc yahoo wmconnect & more ? it even blocks annoying ...","","26.14"
"http://www.google.com/base/feeds/snippets/13304616444690819122","microspot interiors (ints3.6sb)","microspot interiors brand: microspot ltd. mpn: ints3.6sb variant name: microspot interiors","","95.95"
"http://www.google.com/base/feeds/snippets/22081347244611883","punch software 35100 punch! professional home design suite (small box)","12 powerful programs in one gives you total control over every phase of your home design project including electrical and mechanical systems! 12 integrated programs in one easy-to-use interface. professional home design suite includes 3d home design ...","punch software","62.99"
"http://www.google.com/base/feeds/snippets/17708460496974727302","chronos stickybrain 3.0","system requirements ? apple macintosh g3 or higher ? mac os x v10.3 or later (tiger compatibility information) ? 60mb of available disk space ? cd-rom drive","","39.99"
"http://www.google.com/base/feeds/snippets/17476622898499473532","encore inc monopoly 3","monopoly brings the classic board game to life! you'll be entertained for hours as you try to bankrupt your opponents and stay out of jail! system requirements: operating system: windows(r) 98/me/xp processor: pentium(r) ii 333 mhz memory: 3","","7.17"
"http://www.google.com/base/feeds/snippets/11143055459495586546","jumpstart advanced 1st grade knowledge adventure","key features: four cd set enhances education over 50 skills reviewed special features ...","","19.99"
"http://www.google.com/base/feeds/snippets/17070501717470514063","corel ulead videostudio 11 plus video editing and dvd authoring software - win authoring software","videostudio 11 plus video editing and dvd authoring software for windows special offer the videostudio 11 plus video editing and dvd authoring software for windows from corel ulead is a great way to get started editing your home movies and burning ...","","129.95"
"http://www.google.com/base/feeds/snippets/17634318125830822917","findex.com inc quickverse bible study 2007 bible suite","bible scholars pastors teachers group leaders students and new believers will all harness the power of computer bible study and achieve instant results with quickverse! from greek/hebrew word study to simple daily reading plans -- quickverse ...","","24.89"
"http://www.google.com/base/feeds/snippets/4823291609006887387","reader rabbit preschool","overview reader rabbit and sam the lion are on a sparkly adventure! the land of sparkalot has lost its shine and needs your help to re-sparkle everything from the stars to the flowers. your pre-reading counting and matching skills could save the ...","","17.9"
"http://www.google.com/base/feeds/snippets/18373688292230003205","t-shirt factory deluxe 3.0","art explosion t-shirt factory deluxe 3.0 is the fast and easy way to create one-of-a-kind custom t-shirts and apparel. whether youære looking to support a function of your club or organization promote your business or create a unique gift for fami","","27.99"
"http://www.google.com/base/feeds/snippets/18434616791723899127","omnioutliner professional 3.0 for mac","for mac media format cd set up a hierarchy of main headings and subpoints that can be expanded & collapsed kick start your creativity thoughts and organize a collection of ideas into a cohesive plan 1.0 cd's in set","","69.99"
"http://www.google.com/base/feeds/snippets/16407653863068941558","drive washer 2005","overview do you need to permanently remove all the data from your hard drive? if you are selling donating giving away or disposing of your computer you are vulnerable to identity theft. even if you are simply reassigning your computer to another ...","","24.99"
"http://www.google.com/base/feeds/snippets/2461116331238857888","adobe photoshop cs3 extended software full version for macintosh","adorama camera: ideal for film video and multimedia professionals and graphic and web designers using 3d and motion as well as professionals in engineering and science adobe photoshop cs3 extended software delivers everything in photoshop cs3 ...","","969"
"http://www.google.com/base/feeds/snippets/13255609368261584070","wingnuts 2: raina's revenge","system requirements: mac os x 10.4+ g4/g5/intel 800+ mhz cpu 512 mb ram 32 mb video card 950 mb hard drive space","","28.99"
"http://www.google.com/base/feeds/snippets/17544063525352738794","global marketing partners video patrol 5.0 - honest technology","with just a few clicks turn your computer and pc camera into a powerful video surveillance system. new and enhanced features include: email notification scheduled monitoring real time monitoring multiple pc cameras data backup/burning ftp ...","","25.2"
"http://www.google.com/base/feeds/snippets/17693391962532243349","century software ttpl-1 - century tinyterm plus v.4.0 - complete product - connectivity/data acess - 1 user(s) complete product - standard - english - pc","century software ttpl-1 : tinyterm plus addresses the host connectivity needs of enterprise-level organizations that require access to ibm mainframes mid-range computer systems and unix / linux servers. standardizing on tinyterm plus offers easy ...","","188.97"
"http://www.google.com/base/feeds/snippets/17966566453322835928","re:launch bryce 6","bryce 6 is the ideal 3d software addition to your image-editing toolbox. it gives creators the ability to work faster and create more realistic environments than ever before. place your characters directly into your bryce 6 scenes and have them walk ...","","94.94"
"http://www.google.com/base/feeds/snippets/18434163358494173665","kutoka interactive 61208 mia's math adventure: just in time!","mia's math adventure tells a captivating story with educational activities. games focus on developing math skills such as fractions geometry logic and mental computation. oh no! mia's house has just burnt down! but how could such a thing have ...","kutoka interactive","24.99"
"http://www.google.com/base/feeds/snippets/16573354058682977088","intuit quickbooks pro 2007 software for mac finance software","quickbooks pro 2007 software for mac the quickbooks pro 2007 software for mac from intuit is a bookkeeping application designed for small to medium-sized businesses. it allows you to print checks and pay bills. you can also use the software to ...","","189.95"
"http://www.google.com/base/feeds/snippets/18384280629938052082","kaplan sat/act/psat express","kaplan has helped more than 3 million students score higher on admission exams and get into the nation's top colleges and universities. our effective program of practice review and test-taking strategies has made higher score sat/act/psat the best","","9.99"
"http://www.google.com/base/feeds/snippets/17926987006913487270","knowledge adventure inc. jumpstart 4th-6th grade v 2.0 b43","","","16.93"
"http://www.google.com/base/feeds/snippets/7062936722155279808","apple software t9164ll/a logic express 6","logic express offers the same flexibility reliability ease of use and precision as its big brother logic pro 6 but at a price point that fits the budget of aspiring pros students and hobbyists give your ideas creative freedom with logic ...","apple software","219"
"http://www.google.com/base/feeds/snippets/14941513108998426217","punch software 20100 punch! 5 in 1 home design","total interior and exterior home design with realistic high-resolution 3d graphics!","punch software","35.99"
"http://www.google.com/base/feeds/snippets/4058027556169196919","adobe illustrator cs3 for mac academic","system requirements powerpc g4 or g5 or intel core processor mac os x v10.4.8 512mb ram (1gb recommended) 2.5gb free hard-disk space (additional space required during installation) 1024 x 768 display resolution with 16-bit video card dvd-rom drive ...","","199.99"
"http://www.google.com/base/feeds/snippets/16872612252422367466","imsi design llc turbocad mac 3d","turbocad 3d is a precise cad software application that provides state of the art modeling tools without sacrificing speed and ease of use. use turbocad 3d on your macintosh to explore and develop new product concepts using a variety of 2d and 3d ...","","204.67"
"http://www.google.com/base/feeds/snippets/407742822135371560","corel ulead dvd workshop 2 authoring software","dvd workshop 2 ulead dvd workshop 2 is powerful and intuitive authoring software for professional dvd creation. much of the features were designed with the professional in mind keeping interfaces simple and straightforward but also providing complex ...","","299.95"
"http://www.google.com/base/feeds/snippets/1366247437960571613","fogware hyb space dvd","macintosh: dvd drive sound card & system no installation required windows: win 2000 xp with minimum memory of 128 megbytes dvd drive sound card & system no installation required","","21.99"
"http://www.google.com/base/feeds/snippets/4747185109584668947","encore software 10272 - marine aquarium + sharks - win 98 me 2000 xp","encore software 10272 : marine aquarium is the only screen saver used by over a quarter of a million users offering 26 fish and an unprecedented bonus of 11 sharks free! system requirements: windows 98se/me/2000 sp4/xp sp1* pentium class cpu (120mhz ...","","7.69"
"http://www.google.com/base/feeds/snippets/6320757184409585395","enfocus software pp7.0-ug-001 - pitstop pro 7.0 upgr - 6.x or higher","enfocus software pp7.0-ug-001 : enfocus software pitstop pro 7.0 upgr - 6.x or higher - pp7.0-ug-001","","171.97"
"http://www.google.com/base/feeds/snippets/3370622523798561341","apple xsan san data storage consolidation and file sharing software apple & mac software","xsan san data storage consolidation and file sharing software - mac the xsan san data storage consolidation and file sharing software from apple allows you to set up an enterprise-level storage area network (san) using apple xserve raid computers. ...","","999"
"http://www.google.com/base/feeds/snippets/5707639507589635432","microspot macdraft pe personal edition","operating system: macintosh os x 10.2 or higher processor: power mac g3 or higher memory (ram): 8 mb free hard disk space: 20 mb minimum screen resolution: 1024 x 768","","85.99"
"http://www.google.com/base/feeds/snippets/6968597519129780490","adobe premiere pro cs3 video editing software for mac av production software","premiere pro cs3 video editing software for mac the premiere pro cs3 video editing software for mac from adobe is a professional video nle and dvd creation suite. the software includes all the great features you expect from nle software including ...","","798.95"
"http://www.google.com/base/feeds/snippets/18312853825749428303","nova development corp ideasoft photo clip art 10000","stand out from the crowd with 10000 unique photo images! these bright bold and brilliant photos come with solid changeable backgrounds making them as easy to use as clip art. from bananas to banjos cars to children dogs to ducks - there's a photo","","7.81"
"http://www.google.com/base/feeds/snippets/8648200549603855201","apple final cut studio 2 upgrade from final cut studio","final cut studio 2. system requirements. minimum requirements to install all final cut studio applications a macintosh computer with a 1.25ghz or faster powerpc g4 powerpc g5 intel core duo or intel xeon processor 1gb of ram an agp or pci express ...","","499.99"
"http://www.google.com/base/feeds/snippets/18152695793777845265","personal imagemanager","overview whether you want to email add captions convert to other formats highlight specific details or just organize your photos. personal imagemanager is the tool for you! quick complete and easy-to-use its a must-have for anyone that uses ...","","22.9"
"http://www.google.com/base/feeds/snippets/13830033675761129549","star wars empire at war (mac intel)","star wars: empire at war lets players rewrite history while they experience the aftermath of revenge of the sith. set a few years before the events of a new hope the game chronicles the start of the rebel alliance & darth vader's rise to power. ...","","49.99"
"http://www.google.com/base/feeds/snippets/15401280256033043239","encore software 11253 - brain food games: cranium collection 2006 sb cs by encore","encore software 11253 : brain food games: cranium collection 2006 sb cs by encore - 11253","","17.97"
"http://www.google.com/base/feeds/snippets/16959392076941739015","school zone interactive multiplication & division 3-4 on track software","multiplication & division introduces mutliplication and division facts regrouping remainders story problems and more. fun activities games and rewards make this a great way to learn! system requirements: windows®: microsoft® w","","9.45"
"http://www.google.com/base/feeds/snippets/16908015325729489564","encore software 14110 - jeopardy! deluxe - win 2000 xp vista","encore software 14110 : do you have what it takes to be a champion? p get ready to test your knowledge with america's favorite quiz show®. play alone or pit yourself against the computer with up to two other contestants. just like the show if you ...","","18.97"
"http://www.google.com/base/feeds/snippets/15648850844085647958","cakewalk sonar home studio 6 software music production software","sonar home studio 6 - music production software for windows xp/vista special offer sonar home studio 6 from cakewalk is multi-track recording/editing software perfect for musicians taking the first step into digital recording. the software comes ...","","99"
"http://www.google.com/base/feeds/snippets/14902598566526934218","punch software 42100 punch! home design architectural series 18 (small box)","architectural series 18 provides innovative new tools to unleash your design creativity. novice or pro punch! architectural series 18 has the tools and flexibility to have anyone designing a professional-looking home design quickly and easily. a ...","punch software","119.99"
"http://www.google.com/base/feeds/snippets/15283790763832398825","chessmaster 9000: feral interactive","minimum system requirements (macintosh) mac os 10.2 powerpc g3/g4 700 mhz 256 mb ram hardware accelerated 3d graphics card with 16 mb vram dvd drive 1.3 gb free hard disk space. mouse and keyboard quicktime 6 recommended system requirements ( ...","","38.99"
"http://www.google.com/base/feeds/snippets/11618158047568311763","clipart & more 250000 (jc)","top-quality royalty-free images use these royalty-free images in any project advertising brochures newsletters postcards craft projects labels posters with any print publishing program! over 25000 images on cd-rom 225000 web images online ...","","9.9"
"http://www.google.com/base/feeds/snippets/16633280530608162098","encore software 10569 - hoyle puzzle games 2007 - win 98 me 2000 xp","encore software 10569 : 30+ classic puzzle games brought to you by hoyle the 1 family entertainment brand. from sudoku to crosswords to mahjongg there is fun for the whole family. system requirements: windows 98se/me/2000 sp4/xp sp1* pentium iii ...","","18.97"
"http://www.google.com/base/feeds/snippets/17972160650826336548","onone software inc. gpp-55211 - genuine fractals print pro 5 1u","onone software inc. gpp-55211 : onone software inc. genuine fractals print pro 5 1u - gpp-55211","","274.97"
"http://www.google.com/base/feeds/snippets/17578507241939502542","midisoft corporation guitar tool - worship edition","it is the most complete software for praise & worship guitar players with 1000 plus hymns included. it features a 3000 plus chord dictionary player editor metronome. the tuner supports many stringed instruments. imports lyric/chord text files ...","","43.36"
"http://www.google.com/base/feeds/snippets/18362060657249986591","bling software limited - 05013 - 123 movies 2 ipod w/ av cables umd size","123 movies 2 ipod allows you to take your whole dvd collection with you anywhere right in your pocket. watch your movies on your ipod or get the ipod av cables and watch movies on your tv from your ipod! watch dvd movies on your video ipod <b","","26.14"
"http://www.google.com/base/feeds/snippets/16361312648941715869","custom land designer 3d 7.0","overview everything you need to easily create a beautiful landscape and garden. get great ideas from 84 professionally designed gardens and landscapes. experiment with 1400 structures and objects including fencing arbors benches statuary bird ...","","12.9"
"http://www.google.com/base/feeds/snippets/12904825904608701558","the big mix","the big mix by allume systems for mac play it. mix it. rock it. unleash your talent. become the next superstar or the hottest dj. the big mix delivers the goods. this collection will let you rock the world or just listen to the music. so let the ...","","36.9"
"http://www.google.com/base/feeds/snippets/15893880004435051441","git comic book library collector's edition vol. 1","platforms: mac os x windows nt / 98 / xp / me / 2000","","19.99"
"http://www.google.com/base/feeds/snippets/10496277297966281940","punch software 20100 punch! 5 in 1 home design","total interior and exterior home design with realistic high-resolution 3d graphics! 20100 punch software","punch software","35.99"
"http://www.google.com/base/feeds/snippets/18367889369421729693","3mds network operations managerdiy annual subscptn 101 500u","3mds network operations managerdiy annual subscptn 101 500u","","144.63"
"http://www.google.com/base/feeds/snippets/10244573068939530333","scrapbook designer platinum","overview special moments call for special treatment! create amazing and memorable scrapbooks in 3 easy steps with creating keepsakes scrapbook designer platinum. choose from 5000 project designs 50000 irresistible images and more than 1200 ...","","17.9"
"http://www.google.com/base/feeds/snippets/18436194751131787997","pop up oxford spanish / english dict","the oxford spanish dictionary contains over 170000 words and phrases and 240000 trans-lations and describes spanish as it is used throughout the whole spanish-speaking world. an authoritative guide to contemporary spanish language and culture in a ...","","13.95"
"http://www.google.com/base/feeds/snippets/13699037964945038111","world of rainbow fish (a9839m2h)","world of rainbow fish brand: global software publishing mpn: a9839m2h variant name: world of rainbow fish","","19.19"
"http://www.google.com/base/feeds/snippets/16694806128312036500","sos aggregation company dance praise - digital praise","turn your computer into a lively dance arcade for hours of family fun with music worth listening to! show your kill with the latest dance game and keep movin' to the hottest christian hits featuring : zoegirl tobymac steven curtis chapman and more !","","39.37"
"http://www.google.com/base/feeds/snippets/16894460490935798232","encore inc scooby doo glowing bug man","a mysterious glowing bug man has sabotaged the halls of the museum and until the havoc stops the museums doors will stay closed. scooby and the gang will not only keep your child entertained but will also enhance their learning experience. fea","","7.79"
"http://www.google.com/base/feeds/snippets/18053677474084218860","adobe premiere pro cs3 video editing software for windows professional editing software","premiere pro cs3 video editing software for windows the premiere pro cs3 video editing software for windows from adobe is a professional video nle and dvd creation suite. the software includes all the great features you expect from nle software ...","","798.95"
"http://www.google.com/base/feeds/snippets/13558726664717453661","902453-007-b rumba unix-hp edition - upgrade license - 1 user - volume - level b ( 5-49 ) - c","netmanage 902453-007-b : usually ships in 24 hours : : the rumba product family provides users secure access to mission-critical applications and data residing on virtually any host system from the latest windows desktops including windows xp and ...","","147.73"
"http://www.google.com/base/feeds/snippets/18354430457145981051","topics entertainment 80542 instant immersion french 2.0 781735805428","topics entertainment 80542 instant immersion french 2.0 781735805428","","18.2"
"http://www.google.com/base/feeds/snippets/6327594211039677778","global software a2991m2w - sudoku puzzle addict (win 98 me 2000 xp)","global software a2991m2w : 1000 sudoku puzzles?-more than three year's worth of puzzles?which will challenge diehard sudoku puzzle addicts or if you're just being introduced to this wildly popular pastime provide you with enough variety and tricky ...","","8.79"
"http://www.google.com/base/feeds/snippets/18383405503824080160","adobe dreamweaver cs3 upgrade windows","brand new factory sealed software or accessories from a pro merchant. over 1 million new and used books movies games software and cds available. in business since 1986. satisfaction guaranteed.we offer free shipping when you purchase five or ...","","236.74"
"http://www.google.com/base/feeds/snippets/3274305083856247424","encore software 11182 - monopoly here & now - win 98 me 2000 xp","encore software 11182 : this special anniversary edition celebrates 70 years of the world s most popular board game with a modern day equivalent to the traditional game. system requirements: operating system: windows(r) 98/me/xp processor: pentium(r ...","","18.97"
"http://www.google.com/base/feeds/snippets/17737819843616715912","nuance communications inc. dragon ns standard v9","dragon naturallyspeaking 9 allows people to perform nearly any computing task by speaking with their pc. this innovative software supports almost all windows applications and instantly turns the natural voice into text or commands at speeds up to ...","","92.51"
"http://www.google.com/base/feeds/snippets/9122006997888271580","punch software 14100 punch! professional home design suite for windows","12 powerful programs in one gives you total control over every phase of your home design project including electrical and mechanical systems! punch! professional home design suite is the home design software package that lets you design all of the ...","punch software","62.99"
"http://www.google.com/base/feeds/snippets/11958168742202087168","apple appleworks 6.2.9 (mac)","key features: for mac share documents easily six core capabilities create presentations ...","","79.99"
"http://www.google.com/base/feeds/snippets/13588549604733030954","encore software 33041 - country varmint hunter - win 98 me 2000 xp","encore software 33041 : a swarm of varmints is invading the countryside! flying jumping annoying and pestering anyone they come across! it s up to you to get rid of them. system requirements: windows 98se/me/2000 sp/xp sp1; pentium ii 500 mhz ...","","8.44"
"http://www.google.com/base/feeds/snippets/18378422702839985200","nova development bsw business plan writer deluxe 8.0","business plan writer deluxe 8.0 bsw nova development","nova development","94.99"
"http://www.google.com/base/feeds/snippets/5968511357343083164","web shop platinum","now creating an e-commerce web site has never been easier! maximize your business potential with the leading e-commerce solution. unlike any other program available on the market. everything you need in an all-in-one product. make your web design ...","","36.9"
"http://www.google.com/base/feeds/snippets/4818950838228892044","apple/emagic logic pro 7.2 software upgrade music production software","logic pro 7.2 - multitrack digital audio/midi recorder/editor software for intel or powerpc mac - upgrade for owners of logic pro 6 logic platinum or logic gold logic pro 7.2 from apple turns either an intel- or powerpc-based mac into a professional ...","","259.95"
"http://www.google.com/base/feeds/snippets/17101910436938629162","groove media inc close quarters conflict","online multiplayer first person shooter: combat: close quarter battle is 20 levels of class-based team-oriented multiplayer action designed specifically for the value market. join a team pick a class and dive into the action o","","16.37"
"http://www.google.com/base/feeds/snippets/4539901557040997564","apple ilife '06 software av production software","ilife '06 software with iphoto 6 imovie hd 6 idvd 6 garageband 3 and iweb - single client license ilife '06 the must-have update to apple's award-winning suite of digital lifestyle applications delivers major upgrades to iphoto imovie hd idvd and ...","","79"
"http://www.google.com/base/feeds/snippets/18427221955987040627","microsoft office and windows training (win 98 me nt 2000 xp)","for almost two decades learn2 has helped over 8000000 consumers including professionals from fortune 500 companies and government agencies to enhance their computer skills. now learn2 offers the same innovative virtual curriculum to newcomers ...","","29.95"
"http://www.google.com/base/feeds/snippets/14100958400236899770","topics presents: ancient civilizations","4 cd-rom set. traverse the path of history through the sands of time. includes egypt: voyage to the lands of the pharoahs 200+ literary extracts satellite photos along the nile 300+ files on gods figures and sites exploring ancient cities 100 ...","","12.9"
"http://www.google.com/base/feeds/snippets/5722368875390495429","punch software 13100 - punch! ultimate deck & landscape - complete product - creativity application - 1 user(s) - complete product - standard - pc","punch software 13100 : punch! ultimate deck & landscape integrates landscaping deck design and exterior home design. estimator and deck wizards aid in creating the ultimate outdoor living space. 3d photo-realistic fly-throughs drag & drop textures ...","","29.97"
"http://www.google.com/base/feeds/snippets/12516109834871224117","palo alto software mpd9 - palo alto marketing plan v.9.0 pro - complete product - business planning - 1 user - complete product - standard - pc","palo alto software mpd9 : marketing plan plan pro is the 1 selling marketing planning software providing everything you need to produce a profession marketing plan that gets results. cd-rom enclosed (no cd-rom with download only orders.) system ...","","149.97"
"http://www.google.com/base/feeds/snippets/16668702350993735780","kutoka interactive inc didi & ditto (kindergarten)","the first in a series of grade-based products didi & ditto is a complete learning package where children practice thinking skills literacy skills math skills and creativity. fun subjects: math skills - recognizing numbers counting objec","","16.93"
"http://www.google.com/base/feeds/snippets/13143355002649939201","web page designer gold","overview the complete web site creation management and publishing program offers you the most in web authoring system software. includes the latest and newest features in web authoring and design. features over 40 site styles free form design ...","","36.9"
"http://www.google.com/base/feeds/snippets/13368045031336320583","bling software limited safekeeper plus","safekeeper plus is the first software product that offers total protection for both your family and computer. it's the only product to offer the kid safe blocker family watchdog and safety shield. safekeeper plus has the best anti-virus protection ...","","39.99"
"http://www.google.com/base/feeds/snippets/18430621475529168165","adobe software 22070152 after effects 6.5 pbupgrd","adobe after effects pb 6.5 win upgrade.standard to pro v6.5 upgrademodel- adbcd36149wi vendor- adobe software features- after effects 6.5 pro for windows- upgrade version upgrade after effects standard to after effects pro 6.5. the essential tool ...","","507"
"http://www.google.com/base/feeds/snippets/8805781114218671102","cakewalk sonar 6 studio edition software music production software","sonar 6 studio edition - multi-track audio/midi recorder/editor software for windows xp sonar 6 studio edition from cakewalk is fully-featured software for music-production designed to cover every step of the production cycle from composing with ...","","279.95"
"http://www.google.com/base/feeds/snippets/4615810080995000742","webroot software 65210 spy sweeper 3 pc","spy sweeper 4.5 with the most advanced blocking detection and removal capabilities on the market. today's spyware is far more harmful than ever before placing personal information privacy and perhaps even your identity at risk.dedicated to ...","webroot software","31.99"
"http://www.google.com/base/feeds/snippets/7415156197197389350","apple iwork '06 family pack","minimum system requirements macintosh computer with 500mhz or faster powerpc g4 or g5 processor or intel core duo processor mac os x 10.3.9 or 10.4.3 or later 3gb of available disk space 256mb of ram minimum; 512mb recommended 32mb or more video ...","","99.99"
"http://www.google.com/base/feeds/snippets/17588771746186862436","emedia music corp emedia blues guitar legends","emedia`s blues guitar legends is the ultimate way to learn how to play classic blues songs from the masters themselves! music notation is highlighted as songs play while an animated fretboard displays fingerprints in real-time so that you don`t ...","","24.81"
