"id","name","description","price"
"204274645","Frigidaire Electric Dryer - FEQ332WH 5.7 Cu.Ft. Super Capacity Drum","","420.29"
"204569335","Frigidaire 27'' Electric Stack Washer Dryer Combo - FEX831WH Extra-Large Capacity Wash Tub","","895.39"
"204238996","BlueAnt Supertooth Light Compact Bluetooth Speakerphone -- Black - 093744","",""
"208112355","Sony BRAVIA DAV-HDX279WC Home Theater System","DVD Player 6.1 Speakers - 5 Disc(s) - Progressive Scan - Dolby Digital DTS Dolby Pro Logic II - Black","318.01"
"208939028","TX-SR806B Receiver (7.1 Channels 130 W/Channel 0.08% THD Supports 8 Devices) - TXSR806B","","622.17"
"202635467","Sony Learning Remote Control - RMVL600","TV DVD Player VCR CD Player Satellite Receiver DVR - 32.81 ft - Universal Remote","19.99"
"202472204","Canon PSC-75 Deluxe Soft Case - 0716B001","Top Loading - Leather","19.94"
"201953025","Canon CLI-8PM Photo Magenta Ink Cartridge - 0625B002","Photo Magenta","13.99"
"209301534","4G Nano ToughSkin - Black - NN4-TS-BLK","","18.58"
"207895085","TomTom ONE 130 S Portable GPS System w/ Preloaded Maps - 1EE0.052.02","",""
"207514563","Sony LCS-MX100 Camcorder Case - LCSMX100","Nylon - Black","32.78"
"208294701","Samsung BDP-1500 Blu-ray DVD Player - BDP1500","","218.2"
"204644752","Electrolux Homecare #EL012A Electro H12 Hepa Filter","",""
"203142471","DIRECTDECK UNIVERSAL CASSETTE ADAPTER FOR MP3 PLAYERS - 7256-DDECK","",""
"208294970","Cuisinart TOB-155 Toaster Oven Broiler","","139"
"203025174","Cordless Solo S2 Radar/Laser Detector - 010ES20A","","279.99"
"207652053","SAMSUNG DVD HM THEATER SYS 5 DISC NIC - HT-Z410/XAA","","235.14"
"208464207","Canon EOS Rebel XS Digital SLR Camera with EF-S 18-55mm 1:3.5-5.6 IS Lens - Black - 2762B003","Canon EOS Rebel XS Digital SLR Camera with 10 Megapixel 2.5' LCD 3 Frames Per Sec & Live View Mode - Black","461.96"
"205131849","Unreal Tournament III - 26991","",""
"90145972","Weber 841001 Performer 22.5' Charcoal Grill in Black","",""
"207659192","Toshiba SD-P71S Portable DVD Player","Toshiba SD-P71S - 7' Portable DVD Player","119.36"
"207925431","Panasonic SC-PT660 Home Theater System","DVD Player 5.1 Speakers - 5 Disc(s) - Progressive Scan - 1000W RMS - Dolby Digital DTS Dolby Pro Logic",""
"205985717","LGs New Electric SteamDryer","",""
"209297152","Sony ICF-S79W Weather Band Digital Shower Radio - ICFS79W","","42"
"203379249","LG Electronics WDP3 Laundry Pedestal with Drawer -W/ B/ S/ N / WDP3R - Wild Cherry","",""
"202827713","Sanus VisionMount Flat Panel TV Wall Mount - ML22-B1","Steel - 100 lb",""
"10343605","Linksys Instant Gigabit EG005W Ethernet Switch","Linksys EG005W Gigabit 5-Port Workgroup Switch",""
"209896109","MOTOROLA T305 BLUETOOTH VISOR SPEAKER PHONE CAR KIT - RETAIL - 89082J","","46.93"
"203651765","Monster Cable GameLink Component Video and Fiber Optic Digital Audio Cable for PlayStation 3 - 3 x RCA - Toslink - 10ft - PS3 CV/FO-10","",""
"208893661","Olympus SP-565 UZ 10 Megapixel Digital Camera w/ 20x Wide-Angle Optical Zoom Sensor-Shift Image Stabilization Face Detection & 13.5 fps Hight-Speed Sequential Shooting - 226480","",""
"210401458","Apple iPod nano Armband - MB769G/A","Grey","29"
"202900227","Panasonic KX-TSC14W 2-Line Telephone","2 x Phone Line(s) - Headset - White",""
"209687172","Panasonic Lumix DMC-FZ28 Digital Camera - Black","Panasonic DMC-FZ28K Lumix 10 Megapixel Digital Camera with 27mm LEICA DC VARIO-ELMARIT Lens 18x Optical Zoom and Intelligent Auto Mode - Black",""
"208043057","Nintendo DS Lite (Metallic Rose) - USGSZPB","",""
"210227282","Battery and Bag Bundle for Panasonic Camcorders - VBG-VBB1STRKIT","",""
"208342524","Griffin Protective Wave Case for Smart Phone - 8227-IP2WVB","Griffin Wave iPhone 3G - Black",""
"203201060","Olympus Neoprene Soft Camera Case - 202066","Top Loading - Neoprene - Black","11.89"
"208504378","LG 32LG40 32' TV/DVD Combo","LG 32LG40 - 32' Widescreen 720p LCD HDTV w/ Built-in DVD Player - 12000:1 Dynamic Contrast Ratio - 8ms Response Time",""
"202870177","Garmin Cigarette Lighter Adapter for GPS","Garmin 010-10723-06 - Cigarette Lighter Adapter for GPS - 12V DC",""
"208504429","Denon AVR-1609 A/V Receiver - AVR1609","Dolby Digital Surround Dolby Pro Logic IIx DTS-ES DTS Neo:6 DTS 96/24FM AM","348"
"203324914","OmniMount MWFS Moda Collection 2 Shelf Wall Mounted Furniture System - Espresso","","158.16"
"10333846","Linksys EtherFast EF4116 Ethernet Switch","16 x 10/100Base-TX LAN",""
"208111279","CORDED TELEPHONE - KEYPAD - SINGLE LINE OPERATION - LCD DISPLAY - CALLER ID; CAL - KX-TS620W","",""
"201699873","Peerless Universal Flat Wall Mount - SF640P","Peerless Flat Wall Mount for 23'- 46' LCD Screens - Black",""
"208117937","LG 5.0 cu.ft. Freestanding Gas Range","",""
"206812380","Sharp AQUOS LC37D44U 37' LCD TV - LC37D44U","Sharp AQUOS LC-37D44U - 37' Widescreen LCD HDTV - 7500:1 Dynamic Contrast Ratio - 6ms Response Time",""
"210399915","LG 42LG30 42' LCD TV","LG 42LG30 42' LCD HDTV - 12000:1 Dynamic Contrast Ratio - Invisible Speaker",""
"203022472","Sony SCD-CE595 CD Player - SCDCE595","CD-ROM CD-R CD-RW - CD-Text Playback - 5 Disc(s)",""
"210462233","Sony VAIO LV140J Desktop - VGC-LV140J","Intel Core 2 Duo E7200 2.53GHz - 4GB DDR2 SDRAM - 320GB - DVD-Writer (DVD-RAM/R/RW) - Gigabit Ethernet Bluetooth Wi-Fi - 24' Active Matrix TFT Color LCD - Windows Vista Home Premium x64 - All-in-One","1599.99"
"208117924","LG Semi-Integrated Electronic Panel with Digital Status Display Dishwasher","",""
"210256478","Sony BRAVIA VPL-HW10 Digital Projector - VPLHW10","1920 x 1080 - 22.05lb",""
"204787802","Plantronics Voyager 510 Bluetooth Headset","",""
"203340101","Nikon EN-EL3e Lithium Ion Digital Camera Battery - 25334","Nikon EN-EL3e Rechargeable Li-ion Battery","34.24"
"208117936","LG 5.0 cu.ft. Freestanding Gas Range","",""
"206888001","Weber Cast Iron Griddle for Genesis Silver As and Spirit 500s & Spirit 200 Series","",""
"208455894","Sony HT-CT100 Home Theater System"," 3.1 Speakers - Progressive Scan - 250W RMS","279.95"
"209245965","Sony VAIO AW110J/H Notebook - VGNAW110J/H","Sony Vaio AW Series AW110JH Notebook 2.26GHz Intel Core 2 Duo P8400 4GB RAM 320GB Hard Drive DVD +/- RW w/ Blu-ray Disc Support Wireless 802.11a/b/g/n NVIDIA GeForce 9300M 18.4' XBRITE-ECO LCD Display Webcam & Mic Windows Vista Home Premium",""
"208237793","Speck Products SeeThru Case for Apple 15' MacBook Pro - MB15-ORG-SEE-V2","Plastic - Orange",""
"208787116","Dlo 004-0107 Hybridshell(tm) For Iphone(tm) 3g","",""
"204792885","LG Electronics DLG2526W 27' Gas Dryer with 7.0 cu. ft. Capacity 5 Dry Programs 5 Temperature Controls 5 Drying Levels and Sensor Dry System","",""
"206808430","Canon VIXIA HV30 High Definition Digital Camcorder - 2680B001","","650.99"
"203087865","Garmin Vehicle Suction Mount - 010-10609-00","","27.59"
"204443417","Olympus PS-BLS1 Lithium Ion Digital Camera Battery - 260236","Lithium Ion (Li-Ion) - Photo Battery",""
"208117933","LG 5.6 cu.ft. Freestanding Electric Range","",""
"206892902","Speck Products SeeThru Case for Apple iMac LCD - IM20-AQU-SEE","Aqua",""
"206576716","Linksys Wireless-G Internet Video Camera - WVC54GCA","CMOS - Wireless Wi-Fi Wireless Wi-Fi Cable Cable",""
"206460124","Yamaha SPM-K30 Mounting Installation Bracket - SPM-K30","Wall Mount Bracket for the Yamaha Digital Sound Projectors models YSP-4000 YSP-3000 YSP-900 and YSP-800",""
"209028436","ELECTROLUX STICK VACUUM REPLACES EL1000A","",""
"209634135","Canon PowerShot SD990 IS 14 Megapixel Digital Camera w/ 3.7x Optical Zoom UA Len Face Detection 2.5 LCD & ISO 1600 - Silver - 3191B001","","299.88"
"90132241","Sony PS-LX350H Belt-Drive Turntable","",""
"203897877","KitchenAid 5-Speed Blender - Red Finish - KSB560ER","","106.98"
"207643190","Canon PowerShot SD790 IS Digital Camera - 2554B001","Canon PowerShot SD790 IS 10 Megapixel Digital Camera with 3x Optical Zoom 3' LCD & PictBridge",""
"209871973","Sony DPFD80 Digital Photo Frame","Photo Viewer - 8' LCD",""
"207900171","Samsung 6 Series HL61A650 61' Projection TV","Samsung HL61A650 - 61' Widescreen 1080p DLP HDTV w/ Built in NTSC/ATSC Tuner - Piano Black","1076.94"
"208114672","LG 25.0 Cu.Ft. Total Capacity","",""
"204740975","LaCie Big Disk Ethernet Network Storage Server - 301239U","LaCie Ethernet Big Disk 2TB USB 2.0 16MB 7200RPM Network Attached Storage",""
"210536123","Canon XH A1S - 3238B001","","3999.00"
"203474227","Oregon Scientific Helmet Video Camera - ATC-2000","","81.74"
"208656495","Olympus FE-360 Digital Camera - Pink - 226540","8 Megapixel - 16:9 - 3x Optical Zoom - 4x Digital Zoom - 2.5' Color LCD","104.95"
"207993409","Boston Acoustics Horizon Solo AM/FM Radio - HSOLOMNDT","","90"
"208504187","Sony BRAVIA KDL32XBR6 32' LCD TV","32' - ATSC NTSC - 16:9 - 1920 x 1080 - Dolby Surround - HDTV","998.72"
"207937987","Nikon Coolpix P80 Digital Camera - 26114","Nikon COOLPIX P80 10 Megapixel Digital Camera with 18x Optical Wide-Angle Zoom 2.7' High-Resolution LCD Vibration Reduction Image Stabiliation & up to an ISO6400","271.72"
"208653765","Sony DPFD70 Digital Photo Frame","Photo Viewer - 7' LCD","107.58"
"208791921","Toshiba XD-E500 Upconversion DVD Player","DVD-RW CD-RW - DVD Video CD-DA JPEG WMA MP3 PCM Playback - Progressive Scan","81.96"
"207543193","Panasonic KX-TG9341T Cordless Phone","1 x Phone Line(s) - Black Metallic",""
"206928378","Canon PIXMA iP2600 Inkjet Photo Printer - 2435B002","",""
"207900176","Samsung 6 Series LN19A650 19' LCD TV","Samsung LN19A650 - 19' Widescreen LCD HDTV - 3000:1 Dynamic Contrast Ratio - 8ms Response Time","369"
"207390180","polkaudio PSW Series PSW110 Powered Subwoofer","Woofer - Cable","249.95"
"204226641","Case Logic Universal Vertical PDA Leather Pouch - CLP104BB","Leather","9.99"
"207390507","Denon DVD-2500BTCI Blu-ray Disc Player","BD-R DVD-RW CD-RW Secure Digital (SD) Mini Secure Digital (miniSD) - BD Video DVD Video CD-DA MP3 WMA JPEG DivX 6 LPCM Playback - Progressive Scan","655.97"
"204588748","Kensington ComboSaver Ultra Notebook Lock - K64516US","Combosaver Ultra Combination Notebook Lock",""
"207391018","Panasonic DVD-LS83 Portable DVD Player","8.5' LCD - DVD+RW DVD-RW DVD-RAM DVD+R DVD-R CD-RW - DVD Video CD-DA MP3 JPEG MPEG-4 DivX WMA Video CD SVCD HighMAT Playback","148.69"
"208085253","Pioneer PDP-6020FD 60' Plasma TV","Pioneer KURO PDP-6020FD - 60' 1080p Plasma HDTV",""
"90142591","Canon EF-S 17-85MM f/4-5.6 IS USM Standard Zoom Lens","Canon 9517A002 EF-S 17-85mm f4-5.6 IS USM Standard Zoom Lens with Optical Image Stabilizer","515"
"202900041","Panasonic NN-C994S Genius Prestige Convection Microwave Oven with Inverter Turbo Defrost and One-Touch Sensor Cooking Stainless","",""
"208042977","Samsung HL-67A750 - 67' Widescreen 1080p DLP HDTV - 10000:1 Contrast Ratio - HL67A750","","1729.98"
"206362747","Polkaudio CSi A4 Black High Performance Center Channel Loudspeaker - AM4415-A","","189.47"
"203017999","Denon TU-1500RD Stereo Radio Tuner - TU1500RD","40",""
"10246269","Belkin Pro Series High Integrity VGA/SVGA Monitor Extension Cable - F3H982-10","1 x HD-15 - 1 x HD-15 - 10ft - Beige",""
"207959814","Sony Cyber-shot DSC-H50 Digital Camera - Black - DSCH50B","9.1 Megapixel - 16:9 - 2x Digital Zoom - 3' Active Matrix TFT Color LCD","329"
"207682339","Speck Products SeeThru Case for Apple MacBook Air - MBA-PNK-SEE","Plastic - Pink",""
"204793355","Sony MDR-Q68LW Stereo Earphone - MDRQ68LW","- Stereo","19.05"
"205817784","Klipsch Groove PM20 Computer Speakers - 1007596","Groove PM20 Computer Speakers",""
"203928709","SIRIUS FMDA25 Wired FM Relay Kit","",""
"209869989","SONY 42IN BRAVIA LCD V-SERIES 1080P HDTV - KDL42V4100","","1098.72"
"202293522","Sony VAIO SZ Series Docking Station - VGPPRSZ1","USB Network VGA DVI-D DC-in",""
"202785722","Canon NB-5L Lithium-Ion Digital Camera Battery - 1135B001","Canon NB-5L Lithium Ion Battery","36.49"
"203086857","Sony Remote Control - RMV310","TV VCR DVD Player Cable Box Satellite Receiver Amplifier CD Player DVR - 23 ft - Universal Remote","14.72"
"90105156","Garmin Canvas Deluxe Carry Case - 010-10231-01","Top Loading - Handle - Nylon - Black","17.45"
"10412590","Netgear RangeMax WPN802 Wireless Access Point - WPN802NA","108Mbps",""
"208941075","Garmin nuVi 265WT - 4.3' Widescreen GPS w/Text to Speech Bluetooth Where Am I? Connect Photos - 010-00575-10","",""
"202635701","Uniden TCX905 Cordless Handset - TCX905","Uniden TCX-905 Tru-Digital Expansion Handset With Caller ID",""
"204792876","LG Electronics LSC21943ST 21.0 cu. ft. Counter-Depth Side-by-Side Refrigerator with 3 Spill-Protector Glass Shelves SpacePlus Ice System Digital LED Display and CustomCube Automatic Ice Maker","",""
"210399746","Canon EOS 5D Mark II Digital SLR Camera - 2764B003","21.1 Megapixel - 16:9 - 3' Active Matrix TFT Color LCD","3699.99"
"90114398","Panasonic KX-TCA86 Headset","Over-the-head","11.03"
"204206937","Panasonic KX-TGA101S DECT 6.0 Expansion Handset","","36.04"
"202899626","Linksys Wireless-N WRVS4400N Gigabit Security Router with VPN","4 x LAN",""
"90128026","Sony Mini DVD-R Media - 3DMR30L1H","1.4GB - 3 Pack","6.99"
"203017911","Audiovox CNP2000 XM Mini-Tuner","XM Satellite Radio Receiver",""
"202592070","Fellowes Powershred Personal W11C Shredder - 30100","Cross Cut - 11 Per Pass - 5.5 Gallon Wastebasket",""
"208171630","Pure Digital Flip Mino Digital Camcorder - F360B","Flip Video Mino 60 min Black",""
"203324800","Denon DVD-2930CI DVD Player - DVD2930CI","DVD+RW DVD-RW CD-RW - DVD Video DVD Audio SACD Video CD Picture CD JPEG WMA PCM HDCD MP3 MPEG-1 MPEG-2 MPEG-4 DivX Playback - 1 Disc(s) - Progressive Scan - Black","448"
"208941080","Garmin AUTO NAV - 010-00715-20","","410.95"
"203491687","Waring Pro Deep Fryer 3qt -Black","",""
"203024998","Sony CDP-CX455 CD Player/Changer - CDPCX455","CD-R CD-RW CD-ROM - MP3 CD-Text Playback - 400 Disc(s) - 32 Programmable Track(s)","219.99"
"208079230","Samsung PN50A650 50' 1080p Plasma HDTV - 1000000:1 Dynamic Contrast Ratio - Anti Burn-in Technology","","1699.98"
"203888987","Panasonic Srtmb10/Rice Cooker/5.5cup/Fuzzy - SR-TMB10","",""
"207390682","Sony LCS-X20 Camcorder Case - LCSX20","Nylon Polyamide - Black",""
"208085178","Pioneer Cd-sb10 Sirius Interface Cable - CD-SB10","",""
"207465595","Panasonic Lumix DMC-FS3 Digital Camera - Silver","Panasonic DMC-FS3S 8 Megapixel Compact Digital Camera with 33mm Lens 3x Optical Zoom Intelligent Auto Mode and 2.5' Diagonal Intelligent LCD - Silver","137.33"
"203111433","KitchenAid Pasta Roller And Cutter - KPRA","",""
"206728281","20' Television CRT - HTR20","",""
"208085182","Pioneer GEX-P10HD HD Radio Add-on Tuner for Select In-dash Pioneer Receivers","",""
"208114683","LG 25 CF Refrigerator 3 Door White Tall","",""
"210239335","Escort Passport 9500ix Radar/Laser Detector","","439.99"
"207502093","Nikon D60 Digital SLR Camera with AF-S DX Nikkor 18-55mm f/3.5-5.6G VR Lens - 25438","Nikon D60 10 Megapixel Digital SLR Camera with AF-S DX Nikkor 18-55mm f/3.5-5.6G VR Lens - 3x Optical Zoom - 2.5' Active Matrix TFT Color LCD",""
"202861078","Canon PSC-55 Deluxe Leather Camera Case - 1588B001","Top Loading - Leather - Black","16.82"
"207390309","Bose Lifestyle 48 Home Theater System - 43479","DVD Player 5.1 Speakers - Progressive Scan - White","3999.00"
"207938488","Samsung LN40A750 - 40' 1080p LCD HDTV - 50000:1 Dynamic Contrast Ratio - 4ms Response Time - 120Hz","","1341.12"
"206901619","13in Crt Tv/dvd Combo - TCR13","",""
"205761530","Klipsch RoomGroove Wireless iPod Speaker System - 1006602","Black","199.99"
"207927557","Samsung 6 Series LN32A650 32' LCD TV","Samsung LN32A650 - 32' 1080p LCD HDTV - 50000:1 Dynamic Contrast Ratio - 4ms Response Time","916.13"
"207390654","Sony Handycam HDR-SR10 High Definition Digital Camcorder - HDRSR10","16:9 - 2.7' Hybrid LCD","549"
"206928388","Canon PowerShot SD1100 IS Digital ELPH Camera - Melody Pink - 2509B001","Canon PowerShot SD1100 IS 8 Megapixels ISO 1600 3x Optical Zoom Digital Camera - Pink Melody",""
"90145560","Sanus VisionMount Flat Panel TV Wall Mount - VMPL3B","Steel - 280 lb","144.05"
"207937885","Sharp Air Purifier 194 CFM Max - KC-C100U","",""
"206928606","Toshiba D-R560 DVD Player/Recorder","Toshiba D-R560 - DVD Recorder w/ Built in Digital Tuner",""
"209901964","Sony VAIO CS180J/Q Notebook - VGNCS180J/Q","Sony VAIO CS Series VGN-CS180J/Q 14.1-Inch Notebook 2.26 GHz Intel Core 2 Duo P8400 Processor 4 GB RAM 320 GB Hard Drive Blu-ray Drive Vista Home Premium- Black","1239.97"
"203131635","Griffin Elevator Desktop Stand for Portable Laptops - 1093-CURV2","Aluminum",""
"208455891","Sony XT-100HD HD Radio Tuner","","38"
"201953021","Canon CLI-8PC Photo Cyan Ink Cartridge - 0624B002","Photo Cyan","13.99"
"207388757","Panasonic TH-42PZ80U - 42' Widescreen 1080p Plasma HDTV - 1000000:1 Dynamic Contrast Ratio","","845.48"
"208226693","Speck Products SeeThru Case for Apple 13' MacBook - MB13-CLR-SEE-V2","Plastic - Clear",""
"205665803","Tivo TIV652160 Tivo High Definition","",""
"210399777","Canon Rebel XSi/XS Starter Kit - 9320A009","","69.99"
"203922244","Pioneer iBus Interface Cable for iPod - CD-I200","6.56ft - 1 x IP-Bus 1 x Proprietary - Audio Cable","26.5"
"203340555","Nikon 55-200mm f/4-5.6G ED AF-S DX Telephoto Zoom Lens - 55200MMLENS","0.28x - 55mm to 200mm - f/4 to 5.6","124.95"
"207907430","Techcraft ABS60 TV Stand","Wood - Black",""
"204937142","LaCie Big Disk Extreme+ Hard Drive - 301199U","LaCie Big Disk Extreme 1TB Hard Drive - Triple Interface (USB 2.0 & FireWire 400/800) External Hard Drive",""
"210258465","Apple MacBook Pro Notebook - MB471LL/A","Intel Core 2 Duo 2.53GHz - 15.4' WXGA+ - 4GB DDR3 SDRAM - 320GB HDD - DVD-Writer (DVDR/RW) - Gigabit Ethernet Wi-Fi Bluetooth - Mac OS X 10.5 Leopard","2369.00"
"203022202","Pioneer Car Audio Remote Control - CDVC1","Car Audio System - Car Audio Remote","35"
"204254634","Sony InfoLithium H-Series NP-FH70 Camcorder Battery - NPFH70","Lithium Ion (Li-Ion) - 8.4V DC - Photo Battery","57"
"208226690","Speck Products SeeThru Case for Apple 15' MacBook Pro - MB15-CLR-SEE-V2","Plastic - Clear",""
"204792884","LG Electronics DLE2516W 27' Electric Dryer","",""
"200924629","Linksys WRV54G Wireless-G VPN Broadband Router","",""
"208294718","Sony BRAVIA KDL-32L4000 32' LCD TV - KDL32L4000","32' - ATSC NTSC - 16:9 - 1366 x 768 - HDTV","597.72"
"206462228","Linksys RangePlus WRT160N 4-Port Wireless-N Broadband Router - WRT160N","Linksys Ultra RangePlus Wireless-N Broadband Router",""
"207338961","Sony Handycam HDR-SR11 High Definition Digital Camcorder - HDRSR11","16:9 - 3.2' Color LCD","666.41"
"208114681","LG 25 Cu. Ft. Ice & Water Dispensing","",""
"206827757","Uniden DCX300 DECT 6.0 Accessory Handset and Cradle for the DECT2000 series","",""
"208177785","Boston Acoustics Horizon Duo-i AM/FM Stereo Radio - HDUOIMDNT","5 x AM 10 x FM","135.52"
"208656497","Olympus FE-370 Digital Camera - Silver - 226420","Olympus FE-370 8 Megapixel Digital Camera w/ Dual Image Stabilization 5x optical zoom 2.7 LCD Face Detection & 19 easy-to-use Shooting Modes - Silver","129.95"
"208791922","Toshiba SD-V296 DVD/VCR Combo","VHS DVD-RW CD-RW - DVD Video Video CD WMA MP3 JPEG DivX SQPB Playback - 1 Disc(s) - Progressive Scan - Black",""
"208156878","LG 2.0 cu.ft. Over the Range Microwave Oven","",""
"208930722","Nikon COOLPIX P6000 13 Megapixels Digital Camera w/ 4x Wide Angle Optical Zoom 2.7' Hi-Res LCD Optical VR Image Stabilization Face Priority AF & TV Movies with Sound - Black - 26135","",""
"204154429","Coby Electronics TF-DVD7006 Portable DVD Player - TFDVD7006","Coby TF-DVD7006 7' Widescreen Portable DVD Player","70.32"
"208972043","Panasonic Lithium Ion Digital Camera Battery - CGR-S006A/1B","Lithium Ion (Li-Ion) - Photo Battery","49.99"
"210442350","Sony BRAVIA XBR Series KDL-52XBR6 52' LCD TV - KDL52XBR6","52' - Active Matrix TFT - ATSC NTSC - 16:9 - 1920 x 1080 - Dolby Surround - HDTV - 480i 480p 720p 1080i 1080p","2573.72"
"204419878","Panasonic KX-TG6702B Cordless Telephone - KX-TG6702B","Panasonic 5.8GHz 2 Line Expandable Phone With Extra Handset","159.92"
"204636071","Hoover Company #U5140900 Wide Path Bag Up Vac","",""
"90138609","Sony CDP-CX355 300 Disc MegaStorage CD Changer","","169.13"
"206356233","SIRIUS SLH2 SIRIUS? Stiletto 2 Portable Radio Home Kit","",""
"208226699","Speck Products SeeThru Case for Apple 13' MacBook - MB13-ORG-SEE-V2","Plastic - Orange",""
"206722262","Escort X50 Passport 8500 Radar Detector - High Intensity Red Display - 8500X50RED","","252"
"202900030","Panasonic KX-TS3282W Corded Telephone","2 x Phone Line(s) - Headset - White",""
"208456199","Whirlpool WTW6400SW Cabrio 4.5 Cu Ft Capacity Washer (White)","","819.75"
"203142438","Sony 17-in-1 External USB Memory Card Reader And Writer - MRW62E/S1/181","17-in-1 - Memory Stick Duo Memory Stick MagicGate Duo Memory Stick PRO Memory Stick PRO MagicGate miniSD Card MultiMediaCard (MMC) RS-MMC CompactFlash (CF) Card Secure Digital (SD) Card Smar",""
"201701865","Peerless Universal Tilt Wall Mount","Peerless Smart Mount ST660P Universal Tilt Wall Mount for 37' to 60' Screens (Black) up to 200lbs",""
"203920144","Monster Cable GameLink HDMI Digital Video/Audio Cable for PlayStation 3 - 1 x HDMI - 6.56ft - PS3 HDMI-2M","","55.79"
"204559208","Panasonic NNSD667S 1.2 cu. ft. Countertop Microwave Oven In Stainless Steel","",""
"208226457","Maytag MMV4205BAQ Over-the-Range Microwave","",""
"208033955","Yamaha YHT-390BL Home Theater System - YHT-390bl"," 5.1 Speakers - Progressive Scan - 600W RMS - Black","319.96"
"204519849","Panasonic NN-SD377S 0.8 cu.ft. 800 WATT Microwave Oven","",""
"204832843","Sirius SCC1 Universal Vehicle Tuner","","64.72"
"208504179","Denon DVD-3800BDCI Blu-ray Disc Player - DVD3800BDCI","BD-R DVD-RW CD-RW Secure Digital (SD) - DVD Video CD-DA MP3 WMA JPEG DivX 6 PCM Playback - Progressive Scan",""
"208289997","Transcend 4GB microSDHC Card (Class 6) - TS4GUSDHC6","4 GB","6.85"
"209656950","Apple iPod Classic 120GB Hard Drive Portable Media Player - MB562LL/A","Audio Player Video Player Photo Viewer - 2.5' Color LCD - 120GB Hard Drive - Silver","219.97"
"204348269","Case Logic 10' In-Car DVD Player Case - 11' x 9.25' x 4' - Nylon Koskin - Black (Black)","","18.98"
"204734549","Canon FAX-JX200 Fax Machine - 1735B002AA","Monochrome Copier - 1.33 cpm Mono - Inkjet",""
"203201062","Canon Battery and Charger Kit - 1169B001","Power Accessory Kit",""
