"ID","surname","soc_sec_id","phone_numer","has_address","date_of_birth","given_name","age"
"http://www.okkam.org/oaie/person1-Person2190","bode","5674744","","http://www.okkam.org/oaie/person1-address2190","19410828","ashlie","22"
"http://www.okkam.org/oaie/person1-Person3320","hughes","2748326","03 47149129","http://www.okkam.org/oaie/person1-address3320","19930704","jai",""
"http://www.okkam.org/oaie/person1-Person4970","sweetman","5318780","04 70638416","http://www.okkam.org/oaie/person1-address4970","19780419","connor","26"
"http://www.okkam.org/oaie/person1-Person3440","lupton","8751026","07 91612002","http://www.okkam.org/oaie/person1-address3440","19080827","","28"
"http://www.okkam.org/oaie/person1-Person3960","chopra","8040542","04 93482090","http://www.okkam.org/oaie/person1-address3960","19680705","corie",""
"http://www.okkam.org/oaie/person1-Person3820","pantzikas","1194618","02 93807056","http://www.okkam.org/oaie/person1-address3820","19200712","riley","29"
"http://www.okkam.org/oaie/person1-Person4820","crookes","4884903","03 26161567","http://www.okkam.org/oaie/person1-address4820","","chloe","21"
"http://www.okkam.org/oaie/person1-Person3220","lee","2129979","04 78860532","http://www.okkam.org/oaie/person1-address3220","19810209","caitlin","36"
"http://www.okkam.org/oaie/person1-Person3580","harrison","2945064","03 91879400","http://www.okkam.org/oaie/person1-address3580","19500218","ethan","19"
"http://www.okkam.org/oaie/person1-Person3020","turner","5006165","02 21054454","http://www.okkam.org/oaie/person1-address3020","19470415","liam","41"
"http://www.okkam.org/oaie/person1-Person2950","reid","5322768","03 84136744","http://www.okkam.org/oaie/person1-address2950","19050102","madison","34"
"http://www.okkam.org/oaie/person1-Person3120","lomax","7642468","08 23103209","http://www.okkam.org/oaie/person1-address3120","19280302","deakin",""
"http://www.okkam.org/oaie/person1-Person2810","nadels","9902114","04 13599814","http://www.okkam.org/oaie/person1-address2810","","ryley","31"
"http://www.okkam.org/oaie/person1-Person3970","loughnan","2921016","08 35124023","http://www.okkam.org/oaie/person1-address3970","19760106","laklynn","21"
"http://www.okkam.org/oaie/person1-Person3310","diedrich","4464331","08 60999739","http://www.okkam.org/oaie/person1-address3310","19660225","emiily","37"
"http://www.okkam.org/oaie/person1-Person2180","morgan","4359208","02 67299144","http://www.okkam.org/oaie/person1-address2180","19300713","chelsea",""
"http://www.okkam.org/oaie/person1-Person3430","lowe","6512553","04 84929348","http://www.okkam.org/oaie/person1-address3430","19230122","jack",""
"http://www.okkam.org/oaie/person1-Person4960","bird","5049010","08 50671859","http://www.okkam.org/oaie/person1-address4960","","tasman",""
"http://www.okkam.org/oaie/person1-Person3830","bartlett","4857992","","http://www.okkam.org/oaie/person1-address3830","19860517","caitlin",""
"http://www.okkam.org/oaie/person1-Person3570","house","1002506","03 24057258","http://www.okkam.org/oaie/person1-address3570","","luka","25"
"http://www.okkam.org/oaie/person1-Person3210","crompton","8249843","08 09123081","http://www.okkam.org/oaie/person1-address3210","19070604","riley","24"
"http://www.okkam.org/oaie/person1-Person4810","williams","7455715","02 72155339","http://www.okkam.org/oaie/person1-address4810","19330204","jarryd","34"
"http://www.okkam.org/oaie/person1-Person2960","balbin","1678302","03 76945779","http://www.okkam.org/oaie/person1-address2960","19960807","emma","30"
"http://www.okkam.org/oaie/person1-Person3010","sonntag","1215106","02 52337700","http://www.okkam.org/oaie/person1-address3010","19190921","india","27"
"http://www.okkam.org/oaie/person1-Person3980","wade","8168507","07 75155183","http://www.okkam.org/oaie/person1-address3980","19330411","cooper","25"
"http://www.okkam.org/oaie/person1-Person4950","gunawardana","8544369","03 27824409","http://www.okkam.org/oaie/person1-address4950","19050319","reegan","33"
"http://www.okkam.org/oaie/person1-Person3110","hart","8059892","07 44993331","http://www.okkam.org/oaie/person1-address3110","19950804","oscar","29"
"http://www.okkam.org/oaie/person1-Person2820","coombe","4423238","04 75623090","http://www.okkam.org/oaie/person1-address2820","19780724","esther","28"
"http://www.okkam.org/oaie/person1-Person3300","piltz","1782028","03 51319677","http://www.okkam.org/oaie/person1-address3300","19610413","samantha","24"
"http://www.okkam.org/oaie/person1-Person4990","allan","9486295","08 70590060","http://www.okkam.org/oaie/person1-address4990","19691006","braiden","28"
"http://www.okkam.org/oaie/person1-Person3940","cummings","8410711","07 45089814","http://www.okkam.org/oaie/person1-address3940","19680331","nikita",""
"http://www.okkam.org/oaie/person1-Person4700","boorman","1067568","","http://www.okkam.org/oaie/person1-address4700","19160428","nicholas","26"
"http://www.okkam.org/oaie/person1-Person3340","brant","5220308","08 43009388","http://www.okkam.org/oaie/person1-address3340","19180124","kirra","27"
"http://www.okkam.org/oaie/person1-Person3460","sabet-sarvestani","9734683","03 64470248","http://www.okkam.org/oaie/person1-address3460","19491107","james","25"
"http://www.okkam.org/oaie/person1-Person3200","quinzi","4610009","03 55291402","http://www.okkam.org/oaie/person1-address3200","19440707","emma","31"
"http://www.okkam.org/oaie/person1-Person3840","rowland","6619542","04 46170102","http://www.okkam.org/oaie/person1-address3840","19671022","elly","33"
"http://www.okkam.org/oaie/person1-Person3560","gajic","9739001","04 19571716","http://www.okkam.org/oaie/person1-address3560","19430116","yana","22"
"http://www.okkam.org/oaie/person1-Person4800","dummett","1108222","07 56764843","http://www.okkam.org/oaie/person1-address4800","19210309","jessica","26"
"http://www.okkam.org/oaie/person1-Person2980","henderson","4597899","04 34153879","http://www.okkam.org/oaie/person1-address2980","19740302","daniel","35"
"http://www.okkam.org/oaie/person1-Person2970","clarke","6669696","08 28599865","http://www.okkam.org/oaie/person1-address2970","19880805","oliver","40"
"http://www.okkam.org/oaie/person1-Person2930","campbell","7570513","08 90035215","http://www.okkam.org/oaie/person1-address2930","19940623","chloe","30"
"http://www.okkam.org/oaie/person1-Person3000","banytis","1620024","08 16268170","http://www.okkam.org/oaie/person1-address3000","19160923","","18"
"http://www.okkam.org/oaie/person1-Person3140","hoffman","5103002","08 46275530","http://www.okkam.org/oaie/person1-address3140","19831117","lachlan","25"
"http://www.okkam.org/oaie/person1-Person2830","webb","1061248","03 05341213","http://www.okkam.org/oaie/person1-address2830","19900324","lucy","31"
"http://www.okkam.org/oaie/person1-Person4980","horsman","3652482","08 06049075","http://www.okkam.org/oaie/person1-address4980","19950628","lara","30"
"http://www.okkam.org/oaie/person1-Person3950","ezzy","8171353","04 33665844","http://www.okkam.org/oaie/person1-address3950","19770828","charlotte","30"
"http://www.okkam.org/oaie/person1-Person3450","jauncey","7526839","04 85981614","http://www.okkam.org/oaie/person1-address3450","19160502","flynn","31"
"http://www.okkam.org/oaie/person1-Person3330","bruce","4554970","04 64854303","http://www.okkam.org/oaie/person1-address3330","19410201","thomas","22"
"http://www.okkam.org/oaie/person1-Person2990","carey","2948233","02 31589612","http://www.okkam.org/oaie/person1-address2990","19940714","thomas",""
"http://www.okkam.org/oaie/person1-Person3550","langrehr","6425119","02 55877086","http://www.okkam.org/oaie/person1-address3550","19800929","tynan","34"
"http://www.okkam.org/oaie/person1-Person3850","steel","2999949","07 15399362","http://www.okkam.org/oaie/person1-address3850","19580706","robbie","23"
"http://www.okkam.org/oaie/person1-Person3860","barry","8052993","07 05664912","http://www.okkam.org/oaie/person1-address3860","19800706","georgia",""
"http://www.okkam.org/oaie/person1-Person2940","choat","5564800","03 42721936","http://www.okkam.org/oaie/person1-address2940","19111112","kynan","28"
"http://www.okkam.org/oaie/person1-Person2840","mcdonald","4057674","02 76982633","http://www.okkam.org/oaie/person1-address2840","19300518","emiily",""
"http://www.okkam.org/oaie/person1-Person3130","lohmann","8645844","03 14665362","http://www.okkam.org/oaie/person1-address3130","19410919","maddison",""
"http://www.okkam.org/oaie/person1-Person3260","brown","2433042","03 12554246","http://www.okkam.org/oaie/person1-address3260","19561106","","32"
"http://www.okkam.org/oaie/person1-Person2710","haines","8476261","02 51225832","http://www.okkam.org/oaie/person1-address2710","19720608","liam","18"
"http://www.okkam.org/oaie/person1-Person4080","monaghan","3238763","08 09211728","http://www.okkam.org/oaie/person1-address4080","19401203","isabella","30"
"http://www.okkam.org/oaie/person1-Person3480","warburton","8612132","03 42548839","http://www.okkam.org/oaie/person1-address3480","19690110","savannah","20"
"http://www.okkam.org/oaie/person1-Person4720","hughes","1265467","04 69370786","http://www.okkam.org/oaie/person1-address4720","","bethany","17"
"http://www.okkam.org/oaie/person1-Person3360","camffermann","1812350","","http://www.okkam.org/oaie/person1-address3360","","nathan","29"
"http://www.okkam.org/oaie/person1-Person4920","killey","6926177","04 41365586","http://www.okkam.org/oaie/person1-address4920","19460708","alaiyah","23"
"http://www.okkam.org/oaie/person1-Person3680","kambanaros","8979130","03 93592233","http://www.okkam.org/oaie/person1-address3680","19660525","jack",""
"http://www.okkam.org/oaie/person1-Person4490","o'leary","7826544","03 02043065","http://www.okkam.org/oaie/person1-address4490","19800722","timothy","22"
"http://www.okkam.org/oaie/person1-Person4390","triffitt","5499625","03 63113436","http://www.okkam.org/oaie/person1-address4390","19140924","hayden","32"
"http://www.okkam.org/oaie/person1-Person4870","robb","7037382","02 04171508","http://www.okkam.org/oaie/person1-address4870","19730509","jaimee","40"
"http://www.okkam.org/oaie/person1-Person2910","preyser","4880516","04 10368419","http://www.okkam.org/oaie/person1-address2910","19361223","angus","17"
"http://www.okkam.org/oaie/person1-Person3870","valentine","8175232","04 65434707","http://www.okkam.org/oaie/person1-address3870","19720203","cooper",""
"http://www.okkam.org/oaie/person1-Person4090","dunning","9777461","08 69641590","http://www.okkam.org/oaie/person1-address4090","19441220","zac","23"
"http://www.okkam.org/oaie/person1-Person3250","anderson","3502997","04 88639331","http://www.okkam.org/oaie/person1-address3250","19400531","kiera","37"
"http://www.okkam.org/oaie/person1-Person2720","frost","2335721","08 87828707","http://www.okkam.org/oaie/person1-address2720","","joshua","22"
"http://www.okkam.org/oaie/person1-Person3470","boffa","7928576","07 31456940","http://www.okkam.org/oaie/person1-address3470","19200413","darcy","31"
"http://www.okkam.org/oaie/person1-Person4710","papadopoulos","7536439","04 94426683","http://www.okkam.org/oaie/person1-address4710","19370918","bayley","32"
"http://www.okkam.org/oaie/person1-Person3350","ceramidas","4700739","08 84624916","http://www.okkam.org/oaie/person1-address3350","19400125","connor","27"
"http://www.okkam.org/oaie/person1-Person4910","wright","1155257","","http://www.okkam.org/oaie/person1-address4910","19030317","liam","28"
"http://www.okkam.org/oaie/person1-Person3670","raimondo","8832990","07 94569219","http://www.okkam.org/oaie/person1-address3670","19231010","mia","36"
"http://www.okkam.org/oaie/person1-Person4380","paul","4734501","","http://www.okkam.org/oaie/person1-address4380","19920421","caitlin",""
"http://www.okkam.org/oaie/person1-Person4860","britza","3670322","07 97056896","http://www.okkam.org/oaie/person1-address4860","19421009","brianna",""
"http://www.okkam.org/oaie/person1-Person4480","ramsden","1737296","02 47315324","http://www.okkam.org/oaie/person1-address4480","19251207","liam","27"
"http://www.okkam.org/oaie/person1-Person3880","radoslovich","7464127","02 14449114","http://www.okkam.org/oaie/person1-address3880","19720412","katelyn","28"
"http://www.okkam.org/oaie/person1-Person2920","nguyen","2426575","03 64938687","http://www.okkam.org/oaie/person1-address2920","19480513","harrison","26"
"http://www.okkam.org/oaie/person1-Person4840","burfield","7431275","03 25424168","http://www.okkam.org/oaie/person1-address4840","","flynn","25"
"http://www.okkam.org/oaie/person1-Person3240","clark","6628764","04 63578534","http://www.okkam.org/oaie/person1-address3240","19040120","noah",""
"http://www.okkam.org/oaie/person1-Person3380","odgers","1466089","","http://www.okkam.org/oaie/person1-address3380","19310312","amelie","30"
"http://www.okkam.org/oaie/person1-Person4370","caines","1677356","07 93439717","http://www.okkam.org/oaie/person1-address4370","","madeline",""
"http://www.okkam.org/oaie/person1-Person4750","rothe","6166180","02 98745517","http://www.okkam.org/oaie/person1-address4750","19900421","jett","25"
"http://www.okkam.org/oaie/person1-Person3990","barzen","7251646","07 06417107","http://www.okkam.org/oaie/person1-address3990","19420923","william","34"
"http://www.okkam.org/oaie/person1-Person4940","jong","9583099","04 96300737","http://www.okkam.org/oaie/person1-address4940","19010411","joshua","36"
"http://www.okkam.org/oaie/person1-Person3100","cowan","1959228","02 32639572","http://www.okkam.org/oaie/person1-address3100","19211229","sophie","27"
"http://www.okkam.org/oaie/person1-Person3890","brown","8477430","08 50878574","http://www.okkam.org/oaie/person1-address3890","19310529","jackson",""
"http://www.okkam.org/oaie/person1-Person4850","cotton","6195874","03 90530065","http://www.okkam.org/oaie/person1-address4850","19980815","edward","37"
"http://www.okkam.org/oaie/person1-Person4830","hall","8282788","07 01634479","http://www.okkam.org/oaie/person1-address4830","19470603","seanna","35"
"http://www.okkam.org/oaie/person1-Person3230","hutson","2010025","03 53706178","http://www.okkam.org/oaie/person1-address3230","19231229","fiona","24"
"http://www.okkam.org/oaie/person1-Person2700","bent","8712700","02 17808383","http://www.okkam.org/oaie/person1-address2700","19810618","ella","23"
"http://www.okkam.org/oaie/person1-Person3590","lowe","7167942","02 82723616","http://www.okkam.org/oaie/person1-address3590","19460802","ethan","31"
"http://www.okkam.org/oaie/person1-Person3370","paterson","6859527","04 35022209","http://www.okkam.org/oaie/person1-address3370","19590518","dylan","31"
"http://www.okkam.org/oaie/person1-Person4730","sawyer","6295056","04 92666038","http://www.okkam.org/oaie/person1-address4730","19490725","flynn","30"
"http://www.okkam.org/oaie/person1-Person3490","raslan","7950227","07 90129750","http://www.okkam.org/oaie/person1-address3490","19460211","annika","30"
"http://www.okkam.org/oaie/person1-Person2600","melzow","2299174","03 55489397","http://www.okkam.org/oaie/person1-address2600","19390302","kayla","36"
"http://www.okkam.org/oaie/person1-Person4740","radford","3305916","03 79131815","http://www.okkam.org/oaie/person1-address4740","19081127","ashlee","34"
"http://www.okkam.org/oaie/person1-Person4360","freeman","3585251","08 90818506","http://www.okkam.org/oaie/person1-address4360","19511126","mitchell","38"
"http://www.okkam.org/oaie/person1-Person2800","mascord","5534571","03 11353952","http://www.okkam.org/oaie/person1-address2800","19410712","holly",""
"http://www.okkam.org/oaie/person1-Person3690","hodgson","8876906","07 05294659","http://www.okkam.org/oaie/person1-address3690","19100302","charlotte","24"
"http://www.okkam.org/oaie/person1-Person4930","kemish","4436422","04 11184585","http://www.okkam.org/oaie/person1-address4930","19400420","liam","28"
"http://www.okkam.org/oaie/person1-Person3790","rugari","5284763","07 94468407","http://www.okkam.org/oaie/person1-address3790","19380314","dillon","35"
"http://www.okkam.org/oaie/person1-Person2900","cumberbatch","4949085","08 70597870","http://www.okkam.org/oaie/person1-address2900","19491217","mikayla","26"
"http://www.okkam.org/oaie/person1-Person1670","dunn","4680141","02 44200948","http://www.okkam.org/oaie/person1-address1670","19730831","meg",""
"http://www.okkam.org/oaie/person1-Person3780","bowerman","7584619","02 20899288","http://www.okkam.org/oaie/person1-address3780","19290803","jye","30"
"http://www.okkam.org/oaie/person1-Person4140","guy-smith","9577345","03 28194482","http://www.okkam.org/oaie/person1-address4140","19260517","joshua","29"
"http://www.okkam.org/oaie/person1-Person4240","burgemeister","1162282","08 12282615","http://www.okkam.org/oaie/person1-address4240","19141122","deakin","21"
"http://www.okkam.org/oaie/person1-Person170","hill","1213976","07 30801764","http://www.okkam.org/oaie/person1-address170","19720430","niamh","35"
"http://www.okkam.org/oaie/person1-Person3640","wills","9108549","","http://www.okkam.org/oaie/person1-address3640","19020202","jessica","25"
"http://www.okkam.org/oaie/person1-Person4770","maio","7205305","02 78491692","http://www.okkam.org/oaie/person1-address4770","19540522","henry","30"
"http://www.okkam.org/oaie/person1-Person1770","brown","7942237","03 12583364","http://www.okkam.org/oaie/person1-address1770","19760802","michael","30"
"http://www.okkam.org/oaie/person1-Person940","urban","6711557","02 01458495","http://www.okkam.org/oaie/person1-address940","19251224","isabella","28"
"http://www.okkam.org/oaie/person1-Person1760","gregory","8044293","","http://www.okkam.org/oaie/person1-address1760","19120510","samuel","39"
"http://www.okkam.org/oaie/person1-Person800","exalto","6049021","02 66585799","http://www.okkam.org/oaie/person1-address800","19910404","robert","32"
"http://www.okkam.org/oaie/person1-Person4040","shaw","1305170","08 31441701","http://www.okkam.org/oaie/person1-address4040","19660213","luke",""
"http://www.okkam.org/oaie/person1-Person3630","cooper","7866360","03 77471540","http://www.okkam.org/oaie/person1-address3630","19921113","samuel","28"
"http://www.okkam.org/oaie/person1-Person1620","kessner","8731381","08 61313982","http://www.okkam.org/oaie/person1-address1620","19370624","jacynta","27"
"http://www.okkam.org/oaie/person1-Person3770","jablonski","3952505","04 76951835","http://www.okkam.org/oaie/person1-address3770","19171121","chelsea","30"
"http://www.okkam.org/oaie/person1-Person1680","johnson","9214392","03 25548276","http://www.okkam.org/oaie/person1-address1680","19000905","archer","39"
"http://www.okkam.org/oaie/person1-Person4150","wickham","8486571","07 03002940","http://www.okkam.org/oaie/person1-address4150","19510805","genevieve","33"
"http://www.okkam.org/oaie/person1-Person4250","duggan","9452261","07 59084471","http://www.okkam.org/oaie/person1-address4250","","mikayla","30"
"http://www.okkam.org/oaie/person1-Person160","eves","1490163","03 74960956","http://www.okkam.org/oaie/person1-address160","19040925","oliver","23"
"http://www.okkam.org/oaie/person1-Person1780","baldino","1949734","08 46855054","http://www.okkam.org/oaie/person1-address1780","19531031","elli","37"
"http://www.okkam.org/oaie/person1-Person4760","britcher","2002052","07 40730324","http://www.okkam.org/oaie/person1-address4760","19740314","william",""
"http://www.okkam.org/oaie/person1-Person3620","edwards","9106885","07 60196455","http://www.okkam.org/oaie/person1-address3620","19090811","sara","31"
"http://www.okkam.org/oaie/person1-Person950","semmens","2400077","03 98666459","http://www.okkam.org/oaie/person1-address950","19320511","hannah","24"
"http://www.okkam.org/oaie/person1-Person1630","lippett","4307749","03 39887695","http://www.okkam.org/oaie/person1-address1630","19040220","jack","31"
"http://www.okkam.org/oaie/person1-Person810","vears","1510593","07 29429222","http://www.okkam.org/oaie/person1-address810","19340902","chelsea","21"
"http://www.okkam.org/oaie/person1-Person4050","douglass","3647372","08 90720952","http://www.okkam.org/oaie/person1-address4050","19120420","caitlin","34"
"http://www.okkam.org/oaie/person1-Person4120","hawk","6048733","02 40233710","http://www.okkam.org/oaie/person1-address4120","19980209","ethan",""
"http://www.okkam.org/oaie/person1-Person290","felgenhaur","5113678","04 14867136","http://www.okkam.org/oaie/person1-address290","","hugh","30"
"http://www.okkam.org/oaie/person1-Person4890","trezise","3684818","08 09829504","http://www.okkam.org/oaie/person1-address4890","19731224","grace","26"
"http://www.okkam.org/oaie/person1-Person3760","hawthorne","1919661","03 69679031","http://www.okkam.org/oaie/person1-address3760","19960928","giuliana",""
"http://www.okkam.org/oaie/person1-Person1790","rekuciak","7738849","02 97292403","http://www.okkam.org/oaie/person1-address1790","19770119","demie","20"
"http://www.okkam.org/oaie/person1-Person3660","spilling","1053038","02 19280383","http://www.okkam.org/oaie/person1-address3660","19020629","annabelle","26"
"http://www.okkam.org/oaie/person1-Person190","huppatz","3967124","03 46305246","http://www.okkam.org/oaie/person1-address190","19720824","noah",""
"http://www.okkam.org/oaie/person1-Person2010","malone","1822895","04 84000097","http://www.okkam.org/oaie/person1-address2010","19760928","james","20"
"http://www.okkam.org/oaie/person1-Person4260","scalzi","9299489","02 67585660","http://www.okkam.org/oaie/person1-address4260","19850403","amy","30"
"http://www.okkam.org/oaie/person1-Person4790","mclennan","3675815","03 17336989","http://www.okkam.org/oaie/person1-address4790","19770323","teal",""
"http://www.okkam.org/oaie/person1-Person1500","paech","1667505","04 21987088","http://www.okkam.org/oaie/person1-address1500","19350410","james","31"
"http://www.okkam.org/oaie/person1-Person920","betty","6372625","08 28654393","http://www.okkam.org/oaie/person1-address920","19470603","bailey","30"
"http://www.okkam.org/oaie/person1-Person4060","johnstone","6815270","03 99737308","http://www.okkam.org/oaie/person1-address4060","19140508","emiily","24"
"http://www.okkam.org/oaie/person1-Person1600","king","8118350","08 58431226","http://www.okkam.org/oaie/person1-address1600","19440205","caleb","28"
"http://www.okkam.org/oaie/person1-Person1640","","8477246","02 79585015","http://www.okkam.org/oaie/person1-address1640","19410125","elijah","36"
"http://www.okkam.org/oaie/person1-Person820","brennan","2866679","04 65821808","http://www.okkam.org/oaie/person1-address820","19081002","henry","28"
"http://www.okkam.org/oaie/person1-Person280","mcmichael","8359471","04 40569853","http://www.okkam.org/oaie/person1-address280","19910825","millie","33"
"http://www.okkam.org/oaie/person1-Person4270","strauss","8478151","04 02220566","http://www.okkam.org/oaie/person1-address4270","19240422","leah","33"
"http://www.okkam.org/oaie/person1-Person4130","mase","5653771","04 00037028","http://www.okkam.org/oaie/person1-address4130","19971128","emiily","31"
"http://www.okkam.org/oaie/person1-Person1660","page","7419836","02 42015074","http://www.okkam.org/oaie/person1-address1660","19121002","lucas","31"
"http://www.okkam.org/oaie/person1-Person3750","wynne","4997380","08 78214844","http://www.okkam.org/oaie/person1-address3750","19861206","thomas","35"
"http://www.okkam.org/oaie/person1-Person4880","king","9245372","07 96383097","http://www.okkam.org/oaie/person1-address4880","19650910","patrick","22"
"http://www.okkam.org/oaie/person1-Person3650","hall","2067287","07 70695560","http://www.okkam.org/oaie/person1-address3650","19271124","alec","24"
"http://www.okkam.org/oaie/person1-Person4780","mcnamara","8601605","03 65437041","http://www.okkam.org/oaie/person1-address4780","19640822","harley",""
"http://www.okkam.org/oaie/person1-Person2000","winskill","4091012","03 30896780","http://www.okkam.org/oaie/person1-address2000","19090224","lily","31"
"http://www.okkam.org/oaie/person1-Person180","reissig","4807603","","http://www.okkam.org/oaie/person1-address180","","jack","31"
"http://www.okkam.org/oaie/person1-Person1510","goddard","8917352","04 17656235","http://www.okkam.org/oaie/person1-address1510","19921218","sophie","32"
"http://www.okkam.org/oaie/person1-Person930","watson","2455162","04 21408234","http://www.okkam.org/oaie/person1-address930","19770614","jasmine","32"
"http://www.okkam.org/oaie/person1-Person3740","mercuri","6997972","04 71437801","http://www.okkam.org/oaie/person1-address3740","19760302","wilson","32"
"http://www.okkam.org/oaie/person1-Person4070","horseman","1075017","08 74040567","http://www.okkam.org/oaie/person1-address4070","19190304","adam",""
"http://www.okkam.org/oaie/person1-Person830","hardy","1455791","04 78917441","http://www.okkam.org/oaie/person1-address830","19390926","bailley","27"
"http://www.okkam.org/oaie/person1-Person1650","ducat","6982001","08 36723708","http://www.okkam.org/oaie/person1-address1650","19240610","charlotte","35"
"http://www.okkam.org/oaie/person1-Person1610","thakchoe","1640653","07 73822613","http://www.okkam.org/oaie/person1-address1610","19710809","hugo","28"
"http://www.okkam.org/oaie/person1-Person700","","8982146","08 96707175","http://www.okkam.org/oaie/person1-address700","19101011","jaimee","36"
"http://www.okkam.org/oaie/person1-Person4180","matthews","3447664","04 28018391","http://www.okkam.org/oaie/person1-address4180","19130218","jacob",""
"http://www.okkam.org/oaie/person1-Person2030","roche","4371610","07 45656116","http://www.okkam.org/oaie/person1-address2030","19670709","blake",""
"http://www.okkam.org/oaie/person1-Person4280","campbell","4601659","02 55794386","http://www.okkam.org/oaie/person1-address4280","19470117","daniele","30"
"http://www.okkam.org/oaie/person1-Person3540","anderson","1964986","03 32939344","http://www.okkam.org/oaie/person1-address3540","19191215","elly","29"
"http://www.okkam.org/oaie/person1-Person980","meaney","9594782","08 53634263","http://www.okkam.org/oaie/person1-address980","19710512","hayley",""
"http://www.okkam.org/oaie/person1-Person900","","7436973","02 06332460","http://www.okkam.org/oaie/person1-address900","19150411","elton",""
"http://www.okkam.org/oaie/person1-Person3730","searle","9540335","07 39798091","http://www.okkam.org/oaie/person1-address3730","19870602","teresa","29"
"http://www.okkam.org/oaie/person1-Person4000","walker","4694350","02 54213873","http://www.okkam.org/oaie/person1-address4000","19050111","jack","33"
"http://www.okkam.org/oaie/person1-Person4190","stevenson","8742584","07 20901372","http://www.okkam.org/oaie/person1-address4190","19141015","oliver","31"
"http://www.okkam.org/oaie/person1-Person710","bielleman","1124608","02 67887000","http://www.okkam.org/oaie/person1-address710","19210626","mya","31"
"http://www.okkam.org/oaie/person1-Person2020","king","4933323","08 38489938","http://www.okkam.org/oaie/person1-address2020","","laura","34"
"http://www.okkam.org/oaie/person1-Person4290","anastasio","1864736","03 53298160","http://www.okkam.org/oaie/person1-address4290","19300821","jaiden","29"
"http://www.okkam.org/oaie/person1-Person3520","","2965909","07 02283148","http://www.okkam.org/oaie/person1-address3520","19850329","","26"
"http://www.okkam.org/oaie/person1-Person3530","kakoschke","5646528","08 10218428","http://www.okkam.org/oaie/person1-address3530","19490115","harry","30"
"http://www.okkam.org/oaie/person1-Person3720","crabb","1677829","07 58159903","http://www.okkam.org/oaie/person1-address3720","19080425","teagan","35"
"http://www.okkam.org/oaie/person1-Person910","marriott","6001282","04 00633956","http://www.okkam.org/oaie/person1-address910","19910430","ellie","40"
"http://www.okkam.org/oaie/person1-Person990","awde","4020346","","http://www.okkam.org/oaie/person1-address990","19090701","","32"
"http://www.okkam.org/oaie/person1-Person1090","xenophou","9329574","04 71005748","http://www.okkam.org/oaie/person1-address1090","19120711","andrea","31"
"http://www.okkam.org/oaie/person1-Person4010","long","8510654","04 71119181","http://www.okkam.org/oaie/person1-address4010","19690126","jasmine","32"
"http://www.okkam.org/oaie/person1-Person2050","whalley","5766956","03 82725294","http://www.okkam.org/oaie/person1-address2050","19221001","joe","28"
"http://www.okkam.org/oaie/person1-Person4160","mclellan","9968506","07 88196524","http://www.okkam.org/oaie/person1-address4160","19481028","zara","31"
"http://www.okkam.org/oaie/person1-Person3410","moldovan","8637159","02 21707700","http://www.okkam.org/oaie/person1-address3410","19960802","matthew","31"
"http://www.okkam.org/oaie/person1-Person3510","thorp","5975409","02 72587266","http://www.okkam.org/oaie/person1-address3510","19850510","oscar",""
"http://www.okkam.org/oaie/person1-Person1690","hogge","7180629","03 16335154","http://www.okkam.org/oaie/person1-address1690","19410514","bethany",""
"http://www.okkam.org/oaie/person1-Person3710","furlan","4562022","07 14902718","http://www.okkam.org/oaie/person1-address3710","19610206","sebastian",""
"http://www.okkam.org/oaie/person1-Person960","cook","4829976","07 56889466","http://www.okkam.org/oaie/person1-address960","19860302","david","24"
"http://www.okkam.org/oaie/person1-Person1890","beelitz","5464856","03 89248825","http://www.okkam.org/oaie/person1-address1890","19641224","braiden","20"
"http://www.okkam.org/oaie/person1-Person3420","ballard","4457147","","http://www.okkam.org/oaie/person1-address3420","19860213","alana","28"
"http://www.okkam.org/oaie/person1-Person3610","mulroney","8322293","","http://www.okkam.org/oaie/person1-address3610","19630531","patrick","27"
"http://www.okkam.org/oaie/person1-Person4020","turner","2254576","","http://www.okkam.org/oaie/person1-address4020","19080629","chloe","27"
"http://www.okkam.org/oaie/person1-Person2040","newell","7719475","03 79865199","http://www.okkam.org/oaie/person1-address2040","19710317","jarryd","31"
"http://www.okkam.org/oaie/person1-Person3400","zilm","7357398","04 65796843","http://www.okkam.org/oaie/person1-address3400","19480930","mia","32"
"http://www.okkam.org/oaie/person1-Person4170","friedrichs","9608968","08 97207433","http://www.okkam.org/oaie/person1-address4170","19961008","ruby",""
"http://www.okkam.org/oaie/person1-Person3500","butler","7090512","07 29079942","http://www.okkam.org/oaie/person1-address3500","19740627","connor","32"
"http://www.okkam.org/oaie/person1-Person970","davidson","2354459","03 15902954","http://www.okkam.org/oaie/person1-address970","19840618","jacob","34"
"http://www.okkam.org/oaie/person1-Person3700","anderson","5547797","02 21799596","http://www.okkam.org/oaie/person1-address3700","19660522","tommi-lee","40"
"http://www.okkam.org/oaie/person1-Person4030","macdonald","3887857","02 45124228","http://www.okkam.org/oaie/person1-address4030","19380117","ryan","38"
"http://www.okkam.org/oaie/person1-Person3600","hollis","1345518","08 43662519","http://www.okkam.org/oaie/person1-address3600","19621211","jacob","27"
"http://www.okkam.org/oaie/person1-Person360","mcewin","4806687","03 71019403","http://www.okkam.org/oaie/person1-address360","19550512","joshua","27"
"http://www.okkam.org/oaie/person1-Person1810","wilson","7202587","04 95176100","http://www.okkam.org/oaie/person1-address1810","19350328","emiily",""
"http://www.okkam.org/oaie/person1-Person220","schultz","8589862","02 71050326","http://www.okkam.org/oaie/person1-address220","","jake","20"
"http://www.okkam.org/oaie/person1-Person1190","beven","6522169","08 11984526","http://www.okkam.org/oaie/person1-address1190","19330205","joshua","23"
"http://www.okkam.org/oaie/person1-Person1050","burke","2464177","08 96701059","http://www.okkam.org/oaie/person1-address1050","19300407","sarah","31"
"http://www.okkam.org/oaie/person1-Person1710","fox","9518132","08 16798981","http://www.okkam.org/oaie/person1-address1710","19630216","sybella","33"
"http://www.okkam.org/oaie/person1-Person770","walter","3254006","02 53039250","http://www.okkam.org/oaie/person1-address770","19230205","samuel","38"
"http://www.okkam.org/oaie/person1-Person3800","parker","4345597","02 90824069","http://www.okkam.org/oaie/person1-address3800","","jared","38"
"http://www.okkam.org/oaie/person1-Person1310","ochernal","1252172","02 19052145","http://www.okkam.org/oaie/person1-address1310","19090923","tommi-lee","30"
"http://www.okkam.org/oaie/person1-Person2060","haines","3614333","04 68234601","http://www.okkam.org/oaie/person1-address2060","","arabella","35"
"http://www.okkam.org/oaie/person1-Person2440","daddow","2732429","08 64092107","http://www.okkam.org/oaie/person1-address2440","19920116","luke","40"
"http://www.okkam.org/oaie/person1-Person2590","stow","2311725","07 05814398","http://www.okkam.org/oaie/person1-address2590","19680620","jayde","29"
"http://www.okkam.org/oaie/person1-Person50","evans","9193650","07 33837984","http://www.okkam.org/oaie/person1-address50","19560417","thomas","33"
"http://www.okkam.org/oaie/person1-Person630","menadue","1976231","02 83287151","http://www.okkam.org/oaie/person1-address630","19980522","mitchell",""
"http://www.okkam.org/oaie/person1-Person1460","atkinson","3118657","03 67493905","http://www.okkam.org/oaie/person1-address1460","19101205","natalia","35"
"http://www.okkam.org/oaie/person1-Person1800","","7744853","02 61906909","http://www.okkam.org/oaie/person1-address1800","19290122","finlay","26"
"http://www.okkam.org/oaie/person1-Person370","johns","4241160","02 93739211","http://www.okkam.org/oaie/person1-address370","19831201","jake","37"
"http://www.okkam.org/oaie/person1-Person2300","smedley","5113224","07 34817662","http://www.okkam.org/oaie/person1-address2300","19490103","neneh","26"
"http://www.okkam.org/oaie/person1-Person1060","le cornu","8022092","03 69279012","http://www.okkam.org/oaie/person1-address1060","19080229","kiana","27"
"http://www.okkam.org/oaie/person1-Person1990","ali","2765217","02 32816819","http://www.okkam.org/oaie/person1-address1990","19830731","jed","31"
"http://www.okkam.org/oaie/person1-Person3810","allnutt","2573131","03 53097080","http://www.okkam.org/oaie/person1-address3810","19780910","eliza","24"
"http://www.okkam.org/oaie/person1-Person1700","van eck","2399115","08 01699553","http://www.okkam.org/oaie/person1-address1700","19981017","tara","28"
"http://www.okkam.org/oaie/person1-Person760","gesiotto","2418121","02 35575965","http://www.okkam.org/oaie/person1-address760","","riley","36"
"http://www.okkam.org/oaie/person1-Person1980","gill","2801362","07 51475836","http://www.okkam.org/oaie/person1-address1980","","isabelle","16"
"http://www.okkam.org/oaie/person1-Person2070","butler","9860991","08 66076664","http://www.okkam.org/oaie/person1-address2070","19170605","aidan","33"
"http://www.okkam.org/oaie/person1-Person1300","fox","5546363","02 37988758","http://www.okkam.org/oaie/person1-address1300","","nicholas","28"
"http://www.okkam.org/oaie/person1-Person1590","beaven","1235954","08 92770800","http://www.okkam.org/oaie/person1-address1590","19391127","tiarna",""
"http://www.okkam.org/oaie/person1-Person230","burford","4482788","04 13335844","http://www.okkam.org/oaie/person1-address230","","wilson",""
"http://www.okkam.org/oaie/person1-Person2450","archer","4334669","02 02380041","http://www.okkam.org/oaie/person1-address2450","19850709","alexandra","32"
"http://www.okkam.org/oaie/person1-Person2580","munir","6184296","03 74826496","http://www.okkam.org/oaie/person1-address2580","19570601","jed",""
"http://www.okkam.org/oaie/person1-Person40","varricchio","7805348","02 55144130","http://www.okkam.org/oaie/person1-address40","19250525","paris","25"
"http://www.okkam.org/oaie/person1-Person1450","colavecchio","2795240","04 90293389","http://www.okkam.org/oaie/person1-address1450","","matthew","37"
"http://www.okkam.org/oaie/person1-Person620","dunne","8857656","08 29620343","http://www.okkam.org/oaie/person1-address620","19080403","malakai","29"
"http://www.okkam.org/oaie/person1-Person100","knights","8618959","07 73275986","http://www.okkam.org/oaie/person1-address100","19621015","jamie","25"
"http://www.okkam.org/oaie/person1-Person1170","farrimond","8595402","03 41030862","http://www.okkam.org/oaie/person1-address1170","19900330","tyler","30"
"http://www.okkam.org/oaie/person1-Person380","lurops","9418663","08 85405083","http://www.okkam.org/oaie/person1-address380","19420920","jayde",""
"http://www.okkam.org/oaie/person1-Person2410","walker","9213206","07 84277205","http://www.okkam.org/oaie/person1-address2410","19650901","kristen","31"
"http://www.okkam.org/oaie/person1-Person1830","green","9806444","04 56371269","http://www.okkam.org/oaie/person1-address1830","19920730","william","24"
"http://www.okkam.org/oaie/person1-Person480","mcgruther","6379007","07 61028163","http://www.okkam.org/oaie/person1-address480","19950701","harry","27"
"http://www.okkam.org/oaie/person1-Person1070","mildrum","8371141","04 94319921","http://www.okkam.org/oaie/person1-address1070","19670617","nicholas","31"
"http://www.okkam.org/oaie/person1-Person2310","stirling","8127779","04 90399791","http://www.okkam.org/oaie/person1-address2310","19761219","lia","31"
"http://www.okkam.org/oaie/person1-Person200","wade","9335350","08 82018008","http://www.okkam.org/oaie/person1-address200","19120203","emiily",""
"http://www.okkam.org/oaie/person1-Person2320","williams","9125056","03 38862483","http://www.okkam.org/oaie/person1-address2320","19481024","adam","27"
"http://www.okkam.org/oaie/person1-Person2080","prior","4724147","04 23825360","http://www.okkam.org/oaie/person1-address2080","19810128","kane","25"
"http://www.okkam.org/oaie/person1-Person510","barratt","1604407","","http://www.okkam.org/oaie/person1-address510","19060408","christopher",""
"http://www.okkam.org/oaie/person1-Person1580","stevens","8386589","07 53476707","http://www.okkam.org/oaie/person1-address1580","19240306","matthew","29"
"http://www.okkam.org/oaie/person1-Person1970","jones","1222346","03 54119423","http://www.okkam.org/oaie/person1-address1970","","dylan","32"
"http://www.okkam.org/oaie/person1-Person790","matson","1361848","02 36972434","http://www.okkam.org/oaie/person1-address790","19510612","harriet",""
"http://www.okkam.org/oaie/person1-Person610","kwok","7491079","08 98984267","http://www.okkam.org/oaie/person1-address610","","michael","33"
"http://www.okkam.org/oaie/person1-Person890","evans","9994031","07 21767789","http://www.okkam.org/oaie/person1-address890","19460211","amber","26"
"http://www.okkam.org/oaie/person1-Person70","hickey","2507099","02 60569371","http://www.okkam.org/oaie/person1-address70","","rohan","27"
"http://www.okkam.org/oaie/person1-Person1480","hart","1973088","08 96242783","http://www.okkam.org/oaie/person1-address1480","19360223","tara","30"
"http://www.okkam.org/oaie/person1-Person2420","daniel","6465012","03 49837348","http://www.okkam.org/oaie/person1-address2420","19030505","caitlin","35"
"http://www.okkam.org/oaie/person1-Person1080","truscott","8684054","02 19108710","http://www.okkam.org/oaie/person1-address1080","","kaitlin","31"
"http://www.okkam.org/oaie/person1-Person390","matthews","6055146","02 99903291","http://www.okkam.org/oaie/person1-address390","19601010","kalli","25"
"http://www.okkam.org/oaie/person1-Person1180","phillips","9113343","02 75961442","http://www.okkam.org/oaie/person1-address1180","19551215","mitchell","32"
"http://www.okkam.org/oaie/person1-Person110","prout","5030686","03 63014440","http://www.okkam.org/oaie/person1-address110","19820630","katie","24"
"http://www.okkam.org/oaie/person1-Person1820","dosen","1572993","03 48959398","http://www.okkam.org/oaie/person1-address1820","19000512","georgia","26"
"http://www.okkam.org/oaie/person1-Person880","milner","7775642","08 24590954","http://www.okkam.org/oaie/person1-address880","19500228","samuel","21"
"http://www.okkam.org/oaie/person1-Person490","rayner","8172489","02 71167414","http://www.okkam.org/oaie/person1-address490","19461231","jordan","31"
"http://www.okkam.org/oaie/person1-Person210","tapp","3322417","07 88821032","http://www.okkam.org/oaie/person1-address210","19030208","anthony","31"
"http://www.okkam.org/oaie/person1-Person2090","smith","9227670","07 87468784","http://www.okkam.org/oaie/person1-address2090","19350825","bailey",""
"http://www.okkam.org/oaie/person1-Person2330","lambert","6320046","04 03491218","http://www.okkam.org/oaie/person1-address2330","19690711","robbie","31"
"http://www.okkam.org/oaie/person1-Person1960","havelock","1914551","08 10168541","http://www.okkam.org/oaie/person1-address1960","19721226","anneliese","33"
"http://www.okkam.org/oaie/person1-Person780","clarke","7725307","08 94586796","http://www.okkam.org/oaie/person1-address780","19010805","dylan","26"
"http://www.okkam.org/oaie/person1-Person1570","alderson","3010179","07 19610835","http://www.okkam.org/oaie/person1-address1570","19141001","natasha","27"
"http://www.okkam.org/oaie/person1-Person500","lan","2057953","04 26226982","http://www.okkam.org/oaie/person1-address500","19200609","james","30"
"http://www.okkam.org/oaie/person1-Person600","maynard","8084840","04 23303158","http://www.okkam.org/oaie/person1-address600","19821211","blake","28"
"http://www.okkam.org/oaie/person1-Person1470","gregov","5828005","03 41964620","http://www.okkam.org/oaie/person1-address1470","19680605","rachael","29"
"http://www.okkam.org/oaie/person1-Person60","carey","6192837","02 16451742","http://www.okkam.org/oaie/person1-address60","19211218","jessica",""
"http://www.okkam.org/oaie/person1-Person2430","davidson","4895115","08 89763550","http://www.okkam.org/oaie/person1-address2430","19690115","ryan",""
"http://www.okkam.org/oaie/person1-Person1360","ackland","5825052","02 42043683","http://www.okkam.org/oaie/person1-address1360","19091110","kyle","23"
"http://www.okkam.org/oaie/person1-Person730","bakes","9995061","08 57331500","http://www.okkam.org/oaie/person1-address730","19690505","luke","40"
"http://www.okkam.org/oaie/person1-Person1750","carey","3796651","04 73831867","http://www.okkam.org/oaie/person1-address1750","","kiana","38"
"http://www.okkam.org/oaie/person1-Person460","scott","4465603","08 52622898","http://www.okkam.org/oaie/person1-address460","19190219","bethany","26"
"http://www.okkam.org/oaie/person1-Person1010","hughes","7954605","02 24163931","http://www.okkam.org/oaie/person1-address1010","","riley","36"
"http://www.okkam.org/oaie/person1-Person870","muller","1444331","","http://www.okkam.org/oaie/person1-address870","","harrison","22"
"http://www.okkam.org/oaie/person1-Person1410","martin","6999336","07 88051804","http://www.okkam.org/oaie/person1-address1410","19760204","thomas","29"
"http://www.okkam.org/oaie/person1-Person1850","eshraghi","1627612","03 63565489","http://www.okkam.org/oaie/person1-address1850","19720926","todd","32"
"http://www.okkam.org/oaie/person1-Person670","crabb","1318114","03 49608076","http://www.okkam.org/oaie/person1-address670","19990513","jett","27"
"http://www.okkam.org/oaie/person1-Person1220","payne","5773392","","http://www.okkam.org/oaie/person1-address1220","19140113","brooke",""
"http://www.okkam.org/oaie/person1-Person1150","girdham","5168959","04 81305849","http://www.okkam.org/oaie/person1-address1150","","shelby",""
"http://www.okkam.org/oaie/person1-Person1210","davis","8098840","08 58390035","http://www.okkam.org/oaie/person1-address1210","19870812","lachlan","29"
"http://www.okkam.org/oaie/person1-Person120","busch","8875106","07 63999561","http://www.okkam.org/oaie/person1-address120","19180317","connor",""
"http://www.okkam.org/oaie/person1-Person4210","duffield","8874425","","http://www.okkam.org/oaie/person1-address4210","19961106","emiily","38"
"http://www.okkam.org/oaie/person1-Person320","hodgson","8125799","08 82966294","http://www.okkam.org/oaie/person1-address320","19281228","mitchell","31"
"http://www.okkam.org/oaie/person1-Person1950","poulter","5773952","04 92975634","http://www.okkam.org/oaie/person1-address1950","19720916","hari","38"
"http://www.okkam.org/oaie/person1-Person1560","owens","9302139","07 79916434","http://www.okkam.org/oaie/person1-address1560","19280510","benjamin",""
"http://www.okkam.org/oaie/person1-Person90","","4084390","07 91891132","http://www.okkam.org/oaie/person1-address90","19591025","flynn","28"
"http://www.okkam.org/oaie/person1-Person260","mulhern","3905518","07 77030695","http://www.okkam.org/oaie/person1-address260","19500131","kieren","34"
"http://www.okkam.org/oaie/person1-Person4110","gibb","4248399","03 53141709","http://www.okkam.org/oaie/person1-address4110","19620127","amelia","37"
"http://www.okkam.org/oaie/person1-Person530","wilks","6749928","07 12962397","http://www.okkam.org/oaie/person1-address530","19740429","blaize","28"
"http://www.okkam.org/oaie/person1-Person1740","willis","1596185","08 80959769","http://www.okkam.org/oaie/person1-address1740","19940309","jessica","35"
"http://www.okkam.org/oaie/person1-Person1350","morse","3349962","02 29815203","http://www.okkam.org/oaie/person1-address1350","19390304","kailey","28"
"http://www.okkam.org/oaie/person1-Person720","sutherland","1942604","02 47460338","http://www.okkam.org/oaie/person1-address720","19110305","jesse","19"
"http://www.okkam.org/oaie/person1-Person1540","kaneckis","6345607","04 60514808","http://www.okkam.org/oaie/person1-address1540","19750103","joshua","37"
"http://www.okkam.org/oaie/person1-Person1020","morant","7383697","02 04489985","http://www.okkam.org/oaie/person1-address1020","19080518","aleisha","35"
"http://www.okkam.org/oaie/person1-Person470","scolyer","5154807","03 76674614","http://www.okkam.org/oaie/person1-address470","19561030","stephanie","30"
"http://www.okkam.org/oaie/person1-Person860","wilson","5844970","08 87400271","http://www.okkam.org/oaie/person1-address860","19341220","hayley","16"
"http://www.okkam.org/oaie/person1-Person1400","rilling","7052448","04 30400283","http://www.okkam.org/oaie/person1-address1400","19940729","cameron","26"
"http://www.okkam.org/oaie/person1-Person2210","jones","6013623","03 55994393","http://www.okkam.org/oaie/person1-address2210","","marley","33"
"http://www.okkam.org/oaie/person1-Person1160","dickenson","5071236","03 61384586","http://www.okkam.org/oaie/person1-address1160","19880617","tyrone","25"
"http://www.okkam.org/oaie/person1-Person1840","webster","1290792","04 42826714","http://www.okkam.org/oaie/person1-address1840","19760111","lexie","22"
"http://www.okkam.org/oaie/person1-Person2400","ffrench","8731365","03 63571427","http://www.okkam.org/oaie/person1-address2400","19070801","hannah","33"
"http://www.okkam.org/oaie/person1-Person4500","pakulska","6523016","08 28528120","http://www.okkam.org/oaie/person1-address4500","19050410","brodee","24"
"http://www.okkam.org/oaie/person1-Person130","pirie","2671356","08 93646068","http://www.okkam.org/oaie/person1-address130","19290916","sophie",""
"http://www.okkam.org/oaie/person1-Person80","kenyon","1622016","07 12585036","http://www.okkam.org/oaie/person1-address80","19891115","jonah","32"
"http://www.okkam.org/oaie/person1-Person4200","armstrong","1476527","04 99910829","http://www.okkam.org/oaie/person1-address4200","19790415","brayden","37"
"http://www.okkam.org/oaie/person1-Person1200","van ham","8194126","07 27167007","http://www.okkam.org/oaie/person1-address1200","19450716","harriet","29"
"http://www.okkam.org/oaie/person1-Person660","pearson","3427072","04 40227031","http://www.okkam.org/oaie/person1-address660","19780114","","36"
"http://www.okkam.org/oaie/person1-Person2200","smith","8305632","03 63521703","http://www.okkam.org/oaie/person1-address2200","19870506","dylan","26"
"http://www.okkam.org/oaie/person1-Person330","russell","7248215","07 55270799","http://www.okkam.org/oaie/person1-address330","19670926","jordan","23"
"http://www.okkam.org/oaie/person1-Person1550","sharpe","2628392","03 57418265","http://www.okkam.org/oaie/person1-address1550","19960414","kristen","26"
"http://www.okkam.org/oaie/person1-Person270","dowie","9345554","04 87482286","http://www.okkam.org/oaie/person1-address270","19491106","dylan","30"
"http://www.okkam.org/oaie/person1-Person520","haigh","6801501","04 92488586","http://www.okkam.org/oaie/person1-address520","19100903","aidan","36"
"http://www.okkam.org/oaie/person1-Person4100","galpin","7905060","07 63461146","http://www.okkam.org/oaie/person1-address4100","19490927","holly","36"
"http://www.okkam.org/oaie/person1-Person4600","radford","5459602","02 48985622","http://www.okkam.org/oaie/person1-address4600","19100422","holly",""
"http://www.okkam.org/oaie/person1-Person1940","yates","9408857","07 63344775","http://www.okkam.org/oaie/person1-address1940","19330113","kazuki","23"
"http://www.okkam.org/oaie/person1-Person1030","o'brien","4277039","","http://www.okkam.org/oaie/person1-address1030","","james",""
"http://www.okkam.org/oaie/person1-Person1530","noble","2957179","03 57042706","http://www.okkam.org/oaie/person1-address1530","19751205","emma","31"
"http://www.okkam.org/oaie/person1-Person750","bates","9018947","03 93544286","http://www.okkam.org/oaie/person1-address750","19591007","jake","38"
"http://www.okkam.org/oaie/person1-Person1340","andresakis","6558093","02 90272757","http://www.okkam.org/oaie/person1-address1340","19921110","philip","31"
"http://www.okkam.org/oaie/person1-Person1730","norgren","7324024","08 11351967","http://www.okkam.org/oaie/person1-address1730","19290123","william","18"
"http://www.okkam.org/oaie/person1-Person1870","howard","1636503","04 91377016","http://www.okkam.org/oaie/person1-address1870","19031020","coby","27"
"http://www.okkam.org/oaie/person1-Person1240","royle","8771563","04 95992276","http://www.okkam.org/oaie/person1-address1240","19700719","lawson","26"
"http://www.okkam.org/oaie/person1-Person1430","livingstone","7346195","02 83375236","http://www.okkam.org/oaie/person1-address1430","","william","24"
"http://www.okkam.org/oaie/person1-Person1130","incher","7374982","02 61945710","http://www.okkam.org/oaie/person1-address1130","19150701","jessica","20"
"http://www.okkam.org/oaie/person1-Person340","andrews","4061703","07 49098520","http://www.okkam.org/oaie/person1-address340","19690225","paris","25"
"http://www.okkam.org/oaie/person1-Person850","white","1492916","08 96171356","http://www.okkam.org/oaie/person1-address850","19580403","will","35"
"http://www.okkam.org/oaie/person1-Person4230","couvalis","7943548","04 19600919","http://www.okkam.org/oaie/person1-address4230","19051001","jake","25"
"http://www.okkam.org/oaie/person1-Person1440","rivett","7854005","04 34319980","http://www.okkam.org/oaie/person1-address1440","19621116","alicia","31"
"http://www.okkam.org/oaie/person1-Person650","spencer","3498347","08 67053063","http://www.okkam.org/oaie/person1-address650","19031011","luke","40"
"http://www.okkam.org/oaie/person1-Person140","ticehurst","5783449","03 82570054","http://www.okkam.org/oaie/person1-address140","19100211","felicity","26"
"http://www.okkam.org/oaie/person1-Person1880","","2541652","08 36074411","http://www.okkam.org/oaie/person1-address1880","19951122","jake","27"
"http://www.okkam.org/oaie/person1-Person1930","","7679732","03 69818453","http://www.okkam.org/oaie/person1-address1930","19271018","lachlan","32"
"http://www.okkam.org/oaie/person1-Person550","carter","5387279","","http://www.okkam.org/oaie/person1-address550","19250920","leon","32"
"http://www.okkam.org/oaie/person1-Person4610","doecke","6347564","04 93046976","http://www.okkam.org/oaie/person1-address4610","19141104","harry","28"
"http://www.okkam.org/oaie/person1-Person240","lines","5290794","07 59733831","http://www.okkam.org/oaie/person1-address240","","mitchell","31"
"http://www.okkam.org/oaie/person1-Person440","burkett","6056737","02 68076757","http://www.okkam.org/oaie/person1-address440","19920218","ryan","25"
"http://www.okkam.org/oaie/person1-Person1520","chisholm","7230136","08 45397831","http://www.okkam.org/oaie/person1-address1520","19390202","alexander",""
"http://www.okkam.org/oaie/person1-Person450","weston","6241823","07 72927334","http://www.okkam.org/oaie/person1-address450","19340821","lauren","40"
"http://www.okkam.org/oaie/person1-Person740","begic","1736880","04 98801160","http://www.okkam.org/oaie/person1-address740","19280419","oliver","30"
"http://www.okkam.org/oaie/person1-Person1720","stupple","9934184","07 62204783","http://www.okkam.org/oaie/person1-address1720","19330310","sarah","32"
"http://www.okkam.org/oaie/person1-Person1040","potter","5813523","02 21589455","http://www.okkam.org/oaie/person1-address1040","19580918","cassandra","29"
"http://www.okkam.org/oaie/person1-Person1330","symons","4602422","08 71656314","http://www.okkam.org/oaie/person1-address1330","19590111","elizabeth",""
"http://www.okkam.org/oaie/person1-Person4630","greer","2668104","07 88636232","http://www.okkam.org/oaie/person1-address4630","19250329","jack","34"
"http://www.okkam.org/oaie/person1-Person1230","rinchen","7896016","04 78259957","http://www.okkam.org/oaie/person1-address1230","19221002","nicholas","26"
"http://www.okkam.org/oaie/person1-Person840","poulton","9944595","03 22721807","http://www.okkam.org/oaie/person1-address840","19971222","jacinta",""
"http://www.okkam.org/oaie/person1-Person1860","jackson","5169935","07 20359362","http://www.okkam.org/oaie/person1-address1860","","caleb",""
"http://www.okkam.org/oaie/person1-Person350","ludbey","2484605","03 30381703","http://www.okkam.org/oaie/person1-address350","","sophie",""
"http://www.okkam.org/oaie/person1-Person1140","briggs","7031658","02 53484995","http://www.okkam.org/oaie/person1-address1140","19431026","thomas","39"
"http://www.okkam.org/oaie/person1-Person1420","hogg","4248518","08 93397953","http://www.okkam.org/oaie/person1-address1420","19361004","brooke","34"
"http://www.okkam.org/oaie/person1-Person4220","rodgers","1887989","04 27804088","http://www.okkam.org/oaie/person1-address4220","19880329","eva","21"
"http://www.okkam.org/oaie/person1-Person640","hart","1526286","","http://www.okkam.org/oaie/person1-address640","19970818","brooklyn",""
"http://www.okkam.org/oaie/person1-Person150","franklin","5610990","02 90725231","http://www.okkam.org/oaie/person1-address150","19351207","james","28"
"http://www.okkam.org/oaie/person1-Person4620","rawson","2793374","04 09456085","http://www.okkam.org/oaie/person1-address4620","19130816","bianca",""
"http://www.okkam.org/oaie/person1-Person1920","kannane","7477932","02 41981238","http://www.okkam.org/oaie/person1-address1920","19110131","anita",""
"http://www.okkam.org/oaie/person1-Person250","eyles","3062704","02 34404488","http://www.okkam.org/oaie/person1-address250","19560313","finn","37"
"http://www.okkam.org/oaie/person1-Person540","hodges","7831313","02 06575177","http://www.okkam.org/oaie/person1-address540","","madeline",""
"http://www.okkam.org/oaie/person1-Person1320","probert","3024002","02 98514420","http://www.okkam.org/oaie/person1-address1320","19150621","luka","26"
"http://www.okkam.org/oaie/person1-Person2380","halton","6269009","08 85071860","http://www.okkam.org/oaie/person1-address2380","19631120","alexandra","20"
"http://www.okkam.org/oaie/person1-Person420","alexander","2529305","07 36101542","http://www.okkam.org/oaie/person1-address420","19560408","amber",""
"http://www.okkam.org/oaie/person1-Person4440","wittmann","1589406","03 33094758","http://www.okkam.org/oaie/person1-address4440","19320712","abbey","22"
"http://www.okkam.org/oaie/person1-Person2650","wilson","6585915","04 60370435","http://www.okkam.org/oaie/person1-address2650","19980427","jayde","36"
"http://www.okkam.org/oaie/person1-Person1910","digance","8945611","03 84358348","http://www.okkam.org/oaie/person1-address1910","19470401","jackson","35"
"http://www.okkam.org/oaie/person1-Person3190","hardy","6464491","08 74644292","http://www.okkam.org/oaie/person1-address3190","19780612","simone","23"
"http://www.okkam.org/oaie/person1-Person3090","reid","8398314","03 29732195","http://www.okkam.org/oaie/person1-address3090","19000513","timothy",""
"http://www.okkam.org/oaie/person1-Person4340","drousas","4257018","03 71928564","http://www.okkam.org/oaie/person1-address4340","19270906","james","32"
"http://www.okkam.org/oaie/person1-Person1100","sukpanichnant","7970310","03 84509280","http://www.okkam.org/oaie/person1-address1100","19150203","brianna","36"
"http://www.okkam.org/oaie/person1-Person1260","garrick","4755297","07 67074265","http://www.okkam.org/oaie/person1-address1260","19721220","jake",""
"http://www.okkam.org/oaie/person1-Person1110","harbutt","5656498","07 90972854","http://www.okkam.org/oaie/person1-address1110","19150312","alexander","25"
"http://www.okkam.org/oaie/person1-Person2240","beinke","6102463","07 82685897","http://www.okkam.org/oaie/person1-address2240","19221123","joshua","23"
"http://www.okkam.org/oaie/person1-Person3290","ramsay","3215921","02 60664557","http://www.okkam.org/oaie/person1-address3290","19170404","dylan","34"
"http://www.okkam.org/oaie/person1-Person2500","goode","6886817","04 26036281","http://www.okkam.org/oaie/person1-address2500","19361017","anika","36"
"http://www.okkam.org/oaie/person1-Person2790","penta","2186461","07 75773769","http://www.okkam.org/oaie/person1-address2790","19810501","lauren","28"
"http://www.okkam.org/oaie/person1-Person4540","boxhall","3574431","07 63119027","http://www.okkam.org/oaie/person1-address4540","","anthony","23"
"http://www.okkam.org/oaie/person1-Person570","townsend","3840906","04 17272820","http://www.okkam.org/oaie/person1-address570","19670904","benjamin","24"
"http://www.okkam.org/oaie/person1-Person4640","tuul","8805649","03 31141207","http://www.okkam.org/oaie/person1-address4640","19660421","caitlin","34"
"http://www.okkam.org/oaie/person1-Person2640","lunnay","8189194","07 48538661","http://www.okkam.org/oaie/person1-address2640","19110110","brody","24"
"http://www.okkam.org/oaie/person1-Person3390","lehmann","6241533","08 26277814","http://www.okkam.org/oaie/person1-address3390","19020302","katharine",""
"http://www.okkam.org/oaie/person1-Person2100","bolt","9759916","02 66394874","http://www.okkam.org/oaie/person1-address2100","19350819","alex","32"
"http://www.okkam.org/oaie/person1-Person430","hitchenor","6463066","08 99854987","http://www.okkam.org/oaie/person1-address430","19790216","daniel","28"
"http://www.okkam.org/oaie/person1-Person2390","malecky","4467384","03 64687025","http://www.okkam.org/oaie/person1-address2390","19390706","gracie",""
"http://www.okkam.org/oaie/person1-Person4450","hogg","6646034","07 43166487","http://www.okkam.org/oaie/person1-address4450","19400815","thomas","31"
"http://www.okkam.org/oaie/person1-Person1900","gilmour","4844185","07 35154758","http://www.okkam.org/oaie/person1-address1900","19060824","emma","38"
"http://www.okkam.org/oaie/person1-Person4350","hayes","6678692","07 17058052","http://www.okkam.org/oaie/person1-address4350","19240811","karli","28"
"http://www.okkam.org/oaie/person1-Person1120","rosinski","3579693","03 31492051","http://www.okkam.org/oaie/person1-address1120","","jake","32"
"http://www.okkam.org/oaie/person1-Person2250","bradford","5956120","03 85405637","http://www.okkam.org/oaie/person1-address2250","19901117","liam",""
"http://www.okkam.org/oaie/person1-Person1250","white","7512927","02 51005913","http://www.okkam.org/oaie/person1-address1250","19390116","sophie","24"
"http://www.okkam.org/oaie/person1-Person4550","plumbridge","2393463","07 62135249","http://www.okkam.org/oaie/person1-address4550","19650126","samuel","25"
"http://www.okkam.org/oaie/person1-Person2780","cowen","6147105","","http://www.okkam.org/oaie/person1-address2780","19830312","jemma","27"
"http://www.okkam.org/oaie/person1-Person560","webber","2468281","03 79520536","http://www.okkam.org/oaie/person1-address560","19971011","kai","28"
"http://www.okkam.org/oaie/person1-Person4650","costi","4750952","02 44881625","http://www.okkam.org/oaie/person1-address4650","19470610","ayden",""
"http://www.okkam.org/oaie/person1-Person1390","kelly","4347832","02 65524852","http://www.okkam.org/oaie/person1-address1390","19660419","oliver","29"
"http://www.okkam.org/oaie/person1-Person2110","frake","8028468","02 31231861","http://www.okkam.org/oaie/person1-address2110","19470325","cooper","31"
"http://www.okkam.org/oaie/person1-Person2630","stranger","2791107","03 78226555","http://www.okkam.org/oaie/person1-address2630","19910209","georgia",""
"http://www.okkam.org/oaie/person1-Person400","easton","6723614","04 60531662","http://www.okkam.org/oaie/person1-address400","19611017","alice","40"
"http://www.okkam.org/oaie/person1-Person4460","mahlo","4922156","04 14823020","http://www.okkam.org/oaie/person1-address4460","19730702","amy","32"
"http://www.okkam.org/oaie/person1-Person4320","turner","3124161","04 20938258","http://www.okkam.org/oaie/person1-address4320","","taalia","24"
"http://www.okkam.org/oaie/person1-Person300","weatherly","3459435","02 03990036","http://www.okkam.org/oaie/person1-address300","19170628","james","25"
"http://www.okkam.org/oaie/person1-Person4510","eastwood","4769982","07 88088804","http://www.okkam.org/oaie/person1-address4510","19340519","jesse",""
"http://www.okkam.org/oaie/person1-Person3070","bartlett","5299727","03 60566948","http://www.okkam.org/oaie/person1-address3070","19240605","zachary","21"
"http://www.okkam.org/oaie/person1-Person690","hawkins","8396113","03 95670031","http://www.okkam.org/oaie/person1-address690","","ashleigh","30"
"http://www.okkam.org/oaie/person1-Person4520","starkey-farrell","6220679","04 92750614","http://www.okkam.org/oaie/person1-address4520","19941026","vincent","31"
"http://www.okkam.org/oaie/person1-Person2520","young","1991500","08 43014546","http://www.okkam.org/oaie/person1-address2520","19280124","lucy","29"
"http://www.okkam.org/oaie/person1-Person1280","lahne","2577084","08 71093587","http://www.okkam.org/oaie/person1-address1280","19860225","","19"
"http://www.okkam.org/oaie/person1-Person2220","broome","5223086","07 16122172","http://www.okkam.org/oaie/person1-address2220","19300124","george","30"
"http://www.okkam.org/oaie/person1-Person2120","aranyos","9348135","07 21972085","http://www.okkam.org/oaie/person1-address2120","19241020","lily","33"
"http://www.okkam.org/oaie/person1-Person3270","sharp","3841015","02 13494324","http://www.okkam.org/oaie/person1-address3270","19141203","emma","24"
"http://www.okkam.org/oaie/person1-Person1380","scicluna","8909064","07 02126189","http://www.okkam.org/oaie/person1-address1380","19040817","isaac","31"
"http://www.okkam.org/oaie/person1-Person2620","buckley","8007886","02 57926017","http://www.okkam.org/oaie/person1-address2620","19521118","jack","25"
"http://www.okkam.org/oaie/person1-Person4660","panawo","1269996","04 02919656","http://www.okkam.org/oaie/person1-address4660","19231017","caitlin","33"
"http://www.okkam.org/oaie/person1-Person590","biddick","3033344","08 58718838","http://www.okkam.org/oaie/person1-address590","19951010","matthew","32"
"http://www.okkam.org/oaie/person1-Person4470","jones","8796976","08 28494308","http://www.okkam.org/oaie/person1-address4470","19210408","hannah","33"
"http://www.okkam.org/oaie/person1-Person410","maung","6697818","04 36298073","http://www.okkam.org/oaie/person1-address410","19210626","jamie","20"
"http://www.okkam.org/oaie/person1-Person310","hollow","8927101","04 34118779","http://www.okkam.org/oaie/person1-address310","19890626","jazz","26"
"http://www.okkam.org/oaie/person1-Person4330","hogarth","9889899","03 87693926","http://www.okkam.org/oaie/person1-address4330","19151120","kate","27"
"http://www.okkam.org/oaie/person1-Person3080","bolton","5773493","04 06268464","http://www.okkam.org/oaie/person1-address3080","19380525","april",""
"http://www.okkam.org/oaie/person1-Person4530","graham","8087261","02 95559157","http://www.okkam.org/oaie/person1-address4530","19951031","isabella",""
"http://www.okkam.org/oaie/person1-Person680","davis","4843021","02 56480145","http://www.okkam.org/oaie/person1-address680","19160307","lukas","36"
"http://www.okkam.org/oaie/person1-Person2510","snowie","4815016","03 81141810","http://www.okkam.org/oaie/person1-address2510","","olivia","25"
"http://www.okkam.org/oaie/person1-Person3280","moritz","1622799","02 93892154","http://www.okkam.org/oaie/person1-address3280","19321224","lewis","40"
"http://www.okkam.org/oaie/person1-Person2230","worden","8416171","08 66501279","http://www.okkam.org/oaie/person1-address2230","19320229","ryley","36"
"http://www.okkam.org/oaie/person1-Person1270","besier","3556176","04 18323957","http://www.okkam.org/oaie/person1-address1270","19350313","courtney","20"
"http://www.okkam.org/oaie/person1-Person4670","mcfadden","2716498","08 56668233","http://www.okkam.org/oaie/person1-address4670","19311108","lara",""
"http://www.okkam.org/oaie/person1-Person2610","bussey","4813243","02 45426393","http://www.okkam.org/oaie/person1-address2610","19520615","amy",""
"http://www.okkam.org/oaie/person1-Person1370","bullock","9323875","02 60701918","http://www.okkam.org/oaie/person1-address1370","19191011","hannah","20"
"http://www.okkam.org/oaie/person1-Person1000","gourlay","7875974","","http://www.okkam.org/oaie/person1-address1000","19120910","chelsea","25"
"http://www.okkam.org/oaie/person1-Person2130","camp","4903321","03 68609059","http://www.okkam.org/oaie/person1-address2130","19051011","joel","31"
"http://www.okkam.org/oaie/person1-Person580","o'neil","2656730","02 84549220","http://www.okkam.org/oaie/person1-address580","19710127","amy",""
"http://www.okkam.org/oaie/person1-Person3150","tytula","6719149","07 27909365","http://www.okkam.org/oaie/person1-address3150","19761118","madeline","31"
"http://www.okkam.org/oaie/person1-Person2740","stevens","9059559","08 00955191","http://www.okkam.org/oaie/person1-address2740","19480518","lia","33"
"http://www.okkam.org/oaie/person1-Person2480","crow","7799522","03 34625700","http://www.okkam.org/oaie/person1-address2480","19531013","dylan","22"
"http://www.okkam.org/oaie/person1-Person2550","mayfield","1977236","04 06326336","http://www.okkam.org/oaie/person1-address2550","19180902","tiana","21"
"http://www.okkam.org/oaie/person1-Person10","lunson","8706620","04 94813466","http://www.okkam.org/oaie/person1-address10","19140322","ella","25"
"http://www.okkam.org/oaie/person1-Person4300","wilkshire","9281624","02 61934695","http://www.okkam.org/oaie/person1-address4300","19861212","angie","31"
"http://www.okkam.org/oaie/person1-Person2340","chapman","8462196","08 96028194","http://www.okkam.org/oaie/person1-address2340","19020407","samuel","31"
"http://www.okkam.org/oaie/person1-Person3050","donnolley","8014765","08 17494893","http://www.okkam.org/oaie/person1-address3050","19150822","gianni","34"
"http://www.okkam.org/oaie/person1-Person2690","john","9781206","03 19780881","http://www.okkam.org/oaie/person1-address2690","19301021","joel",""
"http://www.okkam.org/oaie/person1-Person2890","palecek","5655580","02 56835406","http://www.okkam.org/oaie/person1-address2890","19300205","caleb","37"
"http://www.okkam.org/oaie/person1-Person3910","fenwick","1433019","07 64321095","http://www.okkam.org/oaie/person1-address3910","19710131","nathan","32"
"http://www.okkam.org/oaie/person1-Person2140","scounos","2234039","04 18642092","http://www.okkam.org/oaie/person1-address2140","19830416","alisha","30"
"http://www.okkam.org/oaie/person1-Person4680","chatwin","5896557","04 75778674","http://www.okkam.org/oaie/person1-address4680","19290831","jarrod","38"
"http://www.okkam.org/oaie/person1-Person00","","7416549","03 06879456","http://www.okkam.org/oaie/person1-address00","19900909","connor","32"
"http://www.okkam.org/oaie/person1-Person4580","carter","7298787","","http://www.okkam.org/oaie/person1-address4580","19260102","braedon","21"
"http://www.okkam.org/oaie/person1-Person2280","altamura","7175080","08 45061832","http://www.okkam.org/oaie/person1-address2280","19031117","max","28"
"http://www.okkam.org/oaie/person1-Person2730","jones","6258480","03 53224543","http://www.okkam.org/oaie/person1-address2730","19731010","james",""
"http://www.okkam.org/oaie/person1-Person3060","forster","9079105","02 50635025","http://www.okkam.org/oaie/person1-address3060","19880513","jemma","26"
"http://www.okkam.org/oaie/person1-Person1490","stevens","9706682","03 42290191","http://www.okkam.org/oaie/person1-address1490","19941109","ethan",""
"http://www.okkam.org/oaie/person1-Person3160","light","7642835","08 73777152","http://www.okkam.org/oaie/person1-address3160","19081005","matthew","24"
"http://www.okkam.org/oaie/person1-Person4310","hainsworth","5883424","07 89845963","http://www.okkam.org/oaie/person1-address4310","19170707","lachlan","25"
"http://www.okkam.org/oaie/person1-Person2540","key","4483568","02 74678395","http://www.okkam.org/oaie/person1-address2540","19270726","william","28"
"http://www.okkam.org/oaie/person1-Person2490","fullwood","7913108","07 48459144","http://www.okkam.org/oaie/person1-address2490","19650329","cameron","33"
"http://www.okkam.org/oaie/person1-Person4410","zadow","3441918","03 62844453","http://www.okkam.org/oaie/person1-address4410","19451012","molly",""
"http://www.okkam.org/oaie/person1-Person2680","yeend","8700281","03 94789330","http://www.okkam.org/oaie/person1-address2680","19050630","carmen","21"
"http://www.okkam.org/oaie/person1-Person2350","williams","1727360","04 04403269","http://www.okkam.org/oaie/person1-address2350","19750627","alessia",""
"http://www.okkam.org/oaie/person1-Person2290","rundle","3197701","08 92917308","http://www.okkam.org/oaie/person1-address2290","19670529","lachlan","34"
"http://www.okkam.org/oaie/person1-Person3900","govier","9268724","04 45136028","http://www.okkam.org/oaie/person1-address3900","19710521","katie",""
"http://www.okkam.org/oaie/person1-Person2880","casey","6539069","08 31960036","http://www.okkam.org/oaie/person1-address2880","19961218","taylah","23"
"http://www.okkam.org/oaie/person1-Person2150","ruchs","3188856","08 40901857","http://www.okkam.org/oaie/person1-address2150","19360114","jasmine",""
"http://www.okkam.org/oaie/person1-Person4900","bobrige","7048478","02 06443300","http://www.okkam.org/oaie/person1-address4900","19231201","zachariah","17"
"http://www.okkam.org/oaie/person1-Person4690","hanson","8231359","08 71324865","http://www.okkam.org/oaie/person1-address4690","19780505","jarrod","28"
"http://www.okkam.org/oaie/person1-Person4400","terry","8542732","04 58567455","http://www.okkam.org/oaie/person1-address4400","19900807","emiily","30"
"http://www.okkam.org/oaie/person1-Person1290","bullock","4236683","02 78126368","http://www.okkam.org/oaie/person1-address1290","19621215","annalise","40"
"http://www.okkam.org/oaie/person1-Person4590","martin","3831247","03 68141179","http://www.okkam.org/oaie/person1-address4590","19771011","jean-claude",""
"http://www.okkam.org/oaie/person1-Person2530","kluske","5847174","07 26275899","http://www.okkam.org/oaie/person1-address2530","19270313","hollie","28"
"http://www.okkam.org/oaie/person1-Person2570","poroch","1856981","03 57555362","http://www.okkam.org/oaie/person1-address2570","","matthew","31"
"http://www.okkam.org/oaie/person1-Person30","jorias","1018420","02 50218494","http://www.okkam.org/oaie/person1-address30","19050124","kazuki","31"
"http://www.okkam.org/oaie/person1-Person2460","frost","4907535","02 49059583","http://www.okkam.org/oaie/person1-address2460","19700110","isaac","32"
"http://www.okkam.org/oaie/person1-Person2860","spiliopoulos","6935285","08 47015508","http://www.okkam.org/oaie/person1-address2860","19321012","zac","31"
"http://www.okkam.org/oaie/person1-Person3170","oueiss","4427520","04 63919480","http://www.okkam.org/oaie/person1-address3170","19850426","sam","26"
"http://www.okkam.org/oaie/person1-Person3030","watts","2325889","07 08192864","http://www.okkam.org/oaie/person1-address3030","19061121","benjamin","23"
"http://www.okkam.org/oaie/person1-Person2670","haensel","3206516","","http://www.okkam.org/oaie/person1-address2670","19490124","jack","29"
"http://www.okkam.org/oaie/person1-Person4420","leonardi","9475737","02 78828683","http://www.okkam.org/oaie/person1-address4420","19951126","thomas","26"
"http://www.okkam.org/oaie/person1-Person2360","skewes","4342299","07 36182905","http://www.okkam.org/oaie/person1-address2360","19910617","harrison","28"
"http://www.okkam.org/oaie/person1-Person3930","sales","5393035","04 89346810","http://www.okkam.org/oaie/person1-address3930","","kirra","36"
"http://www.okkam.org/oaie/person1-Person2160","hansen","8241512","03 85239646","http://www.okkam.org/oaie/person1-address2160","","connor","35"
"http://www.okkam.org/oaie/person1-Person2870","peck","1554962","04 27738839","http://www.okkam.org/oaie/person1-address2870","19290924","brody","27"
"http://www.okkam.org/oaie/person1-Person2770","reeh","8780353","08 79790019","http://www.okkam.org/oaie/person1-address2770","19730903","alexander","25"
"http://www.okkam.org/oaie/person1-Person2260","clarke","8566696","02 24430462","http://www.okkam.org/oaie/person1-address2260","19800615","jett","32"
"http://www.okkam.org/oaie/person1-Person4560","hayes","1970140","08 50517375","http://www.okkam.org/oaie/person1-address4560","19790420","nicholas",""
"http://www.okkam.org/oaie/person1-Person20","goers","7162050","03 62767353","http://www.okkam.org/oaie/person1-address20","19000904","olivia","35"
"http://www.okkam.org/oaie/person1-Person2470","moynham","7304550","08 87324697","http://www.okkam.org/oaie/person1-address2470","19791120","henry","33"
"http://www.okkam.org/oaie/person1-Person2560","hofto","1819558","07 79388945","http://www.okkam.org/oaie/person1-address2560","19380427","rebecca","31"
"http://www.okkam.org/oaie/person1-Person2750","krahe","6103935","04 61778631","http://www.okkam.org/oaie/person1-address2750","19670101","mitchell","34"
"http://www.okkam.org/oaie/person1-Person3180","coad","7534982","03 81678723","http://www.okkam.org/oaie/person1-address3180","19290119","imogen",""
"http://www.okkam.org/oaie/person1-Person3040","curtis","6224611","07 79183195","http://www.okkam.org/oaie/person1-address3040","19870906","lachlan","24"
"http://www.okkam.org/oaie/person1-Person2850","mcdonald","2904944","03 71056990","http://www.okkam.org/oaie/person1-address2850","19871110","ash","36"
"http://www.okkam.org/oaie/person1-Person2370","lackner","4134447","02 32815750","http://www.okkam.org/oaie/person1-address2370","19300707","nathan","36"
"http://www.okkam.org/oaie/person1-Person2660","laming","9294831","","http://www.okkam.org/oaie/person1-address2660","19140831","chelsea","27"
"http://www.okkam.org/oaie/person1-Person4430","casey","8360620","08 85874813","http://www.okkam.org/oaie/person1-address4430","19541105","kayla","18"
"http://www.okkam.org/oaie/person1-Person3920","williams","8359190","08 41669008","http://www.okkam.org/oaie/person1-address3920","19680907","alicia",""
"http://www.okkam.org/oaie/person1-Person2170","hill","2586492","03 48990900","http://www.okkam.org/oaie/person1-address2170","19820914","joshua","24"
"http://www.okkam.org/oaie/person1-Person2760","cowin","2080580","08 30099004","http://www.okkam.org/oaie/person1-address2760","19960103","thomas","25"
"http://www.okkam.org/oaie/person1-Person2270","billing","6729017","08 77936088","http://www.okkam.org/oaie/person1-address2270","19590112","daniel","31"
"http://www.okkam.org/oaie/person1-Person4570","kerr","8137790","03 63915675","http://www.okkam.org/oaie/person1-address4570","19810814","jack","27"
